Name,Latitude,Longitude
AT60164,47.056,15.417
AT60170,47.042,15.433
AT90TAB,48.217,16.381
AT9STAD,48.227,16.459
AT90AKC,48.219,16.346
AT90A23,48.203,16.435
AT4S184,48.306,14.298
AT4S416,48.274,14.315
AT9KEND,48.205,16.31
AT4S431,48.303,14.283
AT60138,47.095,15.415
AT2KA21,46.624,14.318
AT90LOB,48.162,16.526
AT51000,47.798,13.054
AT2KA71,46.627,14.299
AT51200,47.817,13.031
AT72110,47.263,11.393
BETR012,50.797,4.358
BETR001,50.85,4.334
BETR701,51.058,3.729
BETR802,51.21,4.431
BEGR801,51.21,4.431
BEGR701,51.059,3.729
BETR801,51.21,4.432
BETMEU1,50.895,4.392
BEGBB15,51.214,3.233
BETB011,50.858,4.288
BETR501,50.409,4.452
BETR222,50.614,5.57
BETM204,50.612,5.611
BETR511,50.378,4.424
BETR502,50.429,4.458
BETN070,50.465,3.939
BETH201,50.625,5.547
BETR221,50.659,5.628
BG0051A,42.143,24.765
BG0046A,42.578,23.114
BG0050A,42.681,23.297
BG0020A,43.074,25.605
BG0075A,43.224,27.916
BG0039A,42.434,25.632
CY0006A,35.127,33.332
CY0005A,34.682,33.018
CZ0TOZR,49.796,18.247
CZ0TOPO,49.825,18.159
CZ0ALEG,50.072,14.431
CZ0MOLJ,49.602,17.238
CZ0PPLE,49.747,13.381
CZ0PPLS,49.746,13.321
CZ0UMOM,50.51,13.645
CZ0HHKB,50.195,15.846
CZ0EPAU,50.024,15.764
CZ0PPLB,49.728,13.376
CZ0PPLA,49.732,13.402
CZ0HHKT,50.219,15.857
CZ0LLIM,50.765,15.054
CZ0ZZLN,49.233,17.667
CZ0BBNY,49.149,16.696
CZ0PPLL,49.77,13.368
CZ0UULK,50.684,14.041
CZ0BBNI,49.213,16.678
CZ0ALIB,50.007,14.446
CZ0CCBD,48.984,14.466
CZ0ASTO,50.046,14.331
CZ0JJIH,49.402,15.61
CZ0ARIE,50.081,14.443
CZ0ASMI,50.073,14.398
CZ0SKLM,50.144,14.102
DEMV020,54.092,12.142
DEST102,51.495,11.981
DEBE065,52.514,13.47
DEBE034,52.489,13.431
DEBB044,51.756,14.328
DEBE068,52.514,13.419
DEBB073,52.389,13.095
DEBE010,52.543,13.349
DEBB045,52.337,14.539
DEBB054,52.394,13.037
DEBB087,51.754,14.326
DEBB049,52.409,12.548
DEHH064,53.564,9.945
DESN084,51.026,13.732
DEST099,52.131,11.631
DESN025,51.344,12.377
DEST075,51.475,11.983
DEBW118,48.788,9.191
DEBB055,52.42,12.552
DESN061,51.065,13.741
DEHE041,50.125,8.692
DEBB064,51.746,14.335
DEBB021,52.401,13.06
DESN083,50.846,12.903
DENW212,50.947,6.958
DESH027,54.305,10.135
DEBW147,48.489,9.211
DENW024,51.497,6.981
DENI067,52.27,8.041
DESN092,51.036,13.73
DEST077,52.128,11.611
DENI143,53.143,8.212
DEHE061,50.584,8.669
DEST050,51.496,11.979
DENI048,52.359,9.716
DEBW152,49.146,9.226
DENW022,51.534,7.102
DENI068,51.53,9.928
DEBY115,48.15,11.537
DETH083,50.977,11.326
DEHE062,50.807,8.77
DENW008,51.537,7.457
DENW100,51.17,6.459
DEHE037,50.077,8.23
DEBW098,49.493,8.472
DEHH008,53.564,9.968
DESH022,54.781,9.438
DETH020,50.979,11.038
DEBW099,48.783,9.181
DEHE059,50.55,9.685
DESN059,51.318,12.297
DEBY037,48.137,11.565
DERP010,50.001,8.261
DEMV021,54.171,12.08
DEBY021,48.769,11.429
DEHE008,50.125,8.746
DENI054,52.363,9.706
DENW114,51.278,7.232
DEHE013,51.314,9.483
DEHB002,53.06,8.917
DEBY007,48.377,10.888
DENI038,52.255,8.053
DESH023,53.835,10.696
DENW071,51.249,6.732
DERP053,49.351,8.423
DEHH059,53.508,9.991
DEHB005,53.562,8.569
DENI075,52.267,10.541
DEBW080,49.008,8.387
DEBY009,49.898,10.888
DEBY058,49.462,11.025
DERP024,50.354,7.597
DENW247,51.407,6.966
DEHE022,50.05,8.245
DEBW013,48.809,9.23
DEBY005,49.992,9.118
DEBY118,48.574,13.422
DEBW019,48.397,9.979
DESL012,49.233,6.988
DEBY039,48.155,11.555
DEBW122,47.988,7.86
DERP019,49.446,7.767
DEBY077,49.805,9.956
DEBW081,49.029,8.356
DERP009,49.995,8.274
DEBY099,48.326,10.903
DEBY089,48.173,11.648
DEBW033,48.889,8.666
DEBW107,48.508,9.051
DENI042,51.551,9.95
DEBW084,48.002,7.832
DK0034A,55.674,12.571
DK0030A,55.698,12.553
DK0045A,55.7,12.561
DK0056A,56.16,10.194
EE0021A,58.371,26.735
EE0022A,59.376,28.179
EE0018A,59.414,24.649
ES0559A,41.388,2.165
ES1438A,41.385,2.154
ES1957A,43.383,-8.409
ES1619A,39.478,-0.368
ES1480A,41.399,2.154
ES0691A,41.404,2.205
ES1272A,43.53,-5.68
ES0567A,41.385,2.12
ES1915A,38.34,-0.507
ES1856A,41.426,2.148
ES0118A,40.422,-3.682
ES1525A,40.445,-3.706
ES2010A,41.63,-4.741
ES1641A,41.635,-0.894
ES1926A,39.481,-0.408
ES1632A,41.621,-4.747
ES1940A,40.466,-3.688
ES1885A,39.48,-0.336
ES1937A,40.398,-3.687
ES1818A,39.868,-4.021
ES1938A,40.44,-3.69
ES1974A,43.517,-5.671
ES1492A,42.856,-2.668
ES1472A,42.807,-1.651
ES1573A,28.111,-15.432
ES1752A,40.454,-3.483
ES1914A,38.455,-0.803
ES1631A,41.646,-4.73
ES1193A,40.42,-3.749
ES1697A,43.309,-2.011
ES1239A,39.456,-0.376
ES1494A,43.323,-1.96
ES2003A,28.455,-16.277
ES1890A,40.342,-3.834
ES1615A,39.473,-6.36
ES1955A,28.968,-13.556
ES1988A,42.575,-5.566
ES1673A,42.844,-2.661
ES1975A,28.458,-16.279
FI00564,60.17,24.939
FI00781,60.224,25.102
FI00370,60.29,25.04
FI00425,60.187,24.951
FI00841,60.22,24.811
FI00889,60.991,25.666
FI00446,65.01,25.471
FI00801,61.499,23.802
FI00363,62.894,27.67
FR04058,48.925,2.357
FR04329,48.839,2.413
FR11034,50.707,3.181
FR20013,45.72,4.818
FR08030,43.61,3.899
FR01011,49.119,6.181
FR16038,48.57,7.772
FR10004,51.049,2.421
FR04122,48.528,2.654
FR11025,50.628,3.09
FR06001,50.359,3.508
FR04143,48.859,2.351
FR33201,45.895,6.118
FR10029,50.996,2.366
FR18089,49.436,2.084
FR14011,49.251,4.023
FR03006,43.276,5.398
FR08016,43.592,3.887
FR24035,43.689,7.242
FR03043,43.305,5.395
FR10016,50.947,1.843
FR36002,44.934,4.893
FR20062,45.758,4.854
FR36003,44.949,4.89
FR12054,43.643,1.468
FR34014,47.918,1.966
FR82006,47.247,6.015
FR04156,48.902,2.452
FR08614,43.834,4.374
FR06003,50.374,3.071
FR04002,48.93,2.295
FR23140,47.204,-1.553
FR30034,48.688,6.19
FR25037,49.441,1.083
FR24036,43.702,7.286
FR25048,49.428,1.058
FR30036,48.696,6.146
FR19012,48.386,-4.487
FR18043,49.26,2.474
FR82010,47.51,6.794
FR25036,49.442,1.094
FR14012,49.224,4.021
FR05089,49.5,0.111
FR23182,47.971,0.221
FR15043,45.162,5.736
FR31002,44.801,-0.588
FR23120,47.469,-0.556
FR34024,47.344,0.654
FR05074,49.49,0.101
FR04034,48.776,2.376
FR03080,43.95,4.805
FR33211,46.196,6.241
FR23188,47.223,-1.538
FR07034,45.776,3.096
FR19002,48.109,-1.666
FR16066,47.737,7.309
FR19032,47.742,-3.395
FR03029,43.53,5.441
FR09404,46.584,0.346
FR21001,49.192,-0.391
FR34042,48.439,1.469
FR09203,46.162,-1.211
FR12030,43.587,1.444
FR33212,46.194,6.215
FR31007,44.9,-0.515
FR26039,47.316,5.037
FR31013,43.311,-0.391
FR09019,46.33,-0.459
FR29424,45.42,4.395
FR07004,45.797,3.114
FR39007,14.61,-61.055
FR23110,47.264,-2.25
FR09103,45.647,0.167
FR35003,45.831,1.257
FR09003,46.163,-1.154
FR31016,43.48,-1.488
FR29426,45.475,4.515
FR19033,47.649,-2.764
GB0682A,51.523,-0.155
GB0608A,51.466,0.185
GB0620A,51.521,-0.213
GB0637A,51.599,-0.068
GB0660A,53.485,-2.334
GB0636A,51.544,-0.175
GB0598A,50.908,-1.396
GB0566A,51.522,-0.126
GB0926A,53.82,-1.576
GB0864A,53.549,-2.638
GB0924A,51.518,0.44
GB0733A,50.829,-1.069
GB0960A,52.512,-1.831
GB0919A,53.952,-1.076
GB1007A,51.374,0.548
GB0851A,52.512,-1.831
GB0658A,53.028,-2.175
GB1026A,52.62,-1.127
GB0584A,53.804,-1.546
GB0643A,52.289,-1.533
GB0896A,51.633,-3.947
GB0959A,51.617,-0.299
GB1013A,52.437,-1.83
GB0918A,53.968,-1.087
GB0776A,53.749,-0.341
GB1027A,53.379,-1.478
GB1005A,50.806,0.272
GB0646A,52.955,-1.146
GB0731A,53.766,-2.68
GB0962A,51.601,-2.977
GB0995A,52.614,1.302
GB0673A,55.001,-7.329
GB0613A,53.482,-2.238
GB0586A,51.453,0.071
GB0580A,51.482,-3.176
GB0928A,53.232,-1.457
GB0925A,54.895,-2.945
GB1018A,52.295,-1.543
GB0743A,51.495,-0.132
GB0956A,54.517,-1.359
GB0567A,54.6,-5.929
GB0863A,54.884,-1.407
GB0729A,57.157,-2.094
GB0860A,50.841,-0.148
GB0568A,54.978,-1.611
GB0755A,53.042,-3.003
GB0741A,50.74,-1.827
GB1019A,52.272,-0.88
GB1028A,55.866,-4.244
HU0022A,47.431,19.184
HU0025A,47.676,17.65
HU0057A,46.267,20.153
HU0024A,47.685,17.639
IE0105A,53.347,-6.267
IT1739A,45.142,10.046
IT1743A,45.581,9.274
IT1692A,45.478,9.236
IT1016A,45.47,9.198
IT1737A,45.515,10.219
IT0470A,45.104,7.695
IT2168A,45.025,7.649
IT1453A,45.372,11.842
IT1153A,45.133,10.017
IT1877A,45.042,7.626
IT0912A,45.194,9.165
IT1177A,45.561,11.54
IT1650A,45.627,9.024
IT1343A,45.462,10.912
IT1728A,42.552,12.652
IT0963A,45.499,12.262
IT1365A,42.582,12.624
IT0707A,45.69,9.644
IT0935A,40.923,14.782
IT0594A,45.541,10.224
IT1588A,45.817,8.82
IT1975A,45.038,9.669
IT1487A,41.082,14.338
IT0934A,41.133,14.782
IT0825A,41.948,12.47
IT1043A,44.062,12.553
IT1011A,42.56,12.651
IT0771A,45.804,9.084
IT1590A,45.673,12.239
IT1159A,44.5,11.328
IT1654A,43.873,11.092
IT1264A,42.466,14.213
IT0804A,44.794,10.332
IT0940A,44.691,10.665
IT1918A,44.825,11.65
IT0956A,41.858,12.569
IT1423A,42.456,14.235
IT0861A,43.773,11.272
IT1906A,41.894,12.475
IT1204A,44.42,12.226
IT0957A,41.931,12.659
IT1491A,40.854,14.272
IT2012A,41.876,12.345
IT1771A,44.651,10.911
IT1836A,41.906,12.448
IT1504A,40.684,14.77
IT1184A,41.531,12.946
IT1518A,45.438,8.621
IT0966A,46.066,13.241
IT1182A,43.089,12.442
IT0892A,44.483,11.355
IT1578A,43.893,12.919
IT1706A,44.313,8.477
IT0953A,41.933,12.507
IT1180A,43.103,12.366
IT1048A,44.219,12.049
IT2004A,43.104,12.375
IT1110A,43.739,10.402
IT1037A,46.063,11.126
IT1137A,45.657,13.772
IT1560A,43.555,10.33
IT1497A,40.863,14.254
IT2003A,41.317,16.286
IT1826A,45.849,9.396
IT1827A,43.612,13.509
IT0862A,43.787,11.288
IT1247A,45.559,8.056
IT1613A,40.488,17.264
IT1932A,40.364,18.173
IT1883A,44.315,8.486
IT1536A,44.118,9.843
IT1557A,43.52,10.322
IT0858A,44.396,8.992
LT00003,54.715,25.289
LT00041,54.895,23.986
LT00033,55.69,21.179
LU0101A,49.598,6.138
LV000L1,56.523,21.005
LV0RKR9,56.955,24.105
MT00005,35.896,14.49
NL00012,52.39,4.888
NL00701,52.45,4.817
NL00017,52.358,4.9
NL00007,52.381,4.845
NL00487,51.891,4.481
NL00014,52.36,4.809
NL00241,51.603,4.781
NL00741,51.849,5.858
NL00742,51.839,5.858
NL00404,52.078,4.289
NL00016,52.393,4.87
NL00937,53.218,6.579
NL00938,53.247,6.609
NL00488,51.894,4.487
NL00240,51.594,4.825
NL00494,51.921,4.401
NL00636,52.106,5.125
NL00418,51.915,4.48
NL00821,52.235,6.919
NL00136,50.888,5.971
NL00433,51.911,4.327
NL00643,52.102,5.128
NL00138,50.9,5.987
NO0057A,59.928,10.848
NO0011A,59.933,10.725
NO0093A,59.911,10.704
NO0076A,58.964,5.728
NO0083A,59.919,10.697
NO0060A,63.418,10.397
NO0071A,59.899,10.815
NO0101A,59.941,10.799
NO0095A,59.933,10.67
NO0059A,60.375,5.341
NO0015A,60.393,5.328
NO0102A,63.358,10.371
NO0065A,58.962,5.731
NO0068A,63.433,10.411
NO0079A,69.656,18.962
NO0089A,63.43,10.394
PL0012A,50.057,19.925
PL0567A,50.247,19.02
PL0238A,50.279,18.656
PL0550A,49.619,20.714
PL0501A,50.011,19.949
PL0510A,51.408,19.689
PL0008A,50.265,18.975
PL0100A,51.776,19.453
PL0140A,52.219,21.005
PL0498A,50.802,19.107
PL0138A,51.399,21.147
PL0503A,51.749,18.048
PL0096A,51.758,19.53
PL0499A,49.807,19.025
PL0197A,51.086,17.013
PL0489A,50.029,18.692
PL0151A,53.181,22.054
PL0283A,50.873,20.605
PL0190A,51.205,16.181
PL0538A,52.172,22.282
PL0244A,52.398,16.96
PL0143A,52.291,21.042
PL0502A,50.02,21.004
PL0594A,49.784,22.756
PL0542A,53.492,18.753
PL0493A,51.415,21.171
PL0192A,50.769,16.27
PL0136A,52.551,19.71
PL0252A,53.122,17.988
PL0398A,52.556,19.688
PL0081A,51.131,23.515
PL0495A,50.024,22.011
PL0490A,51.104,17.058
PL0141A,52.161,21.034
PL0085A,51.273,22.552
PL0091A,50.717,23.29
PL0249A,53.432,14.554
PL0115A,51.857,19.421
PL0496A,53.129,23.182
PL0213A,51.94,15.519
PL0494A,50.677,17.95
PL0071A,53.029,18.666
PL0075A,52.665,19.037
PL0148A,53.127,23.156
PL0491A,53.151,18.132
PL0248A,53.381,14.663
PL0497A,54.399,18.614
PL0500A,54.207,16.193
PL0175A,53.789,20.485
PL0052A,54.38,18.62
PL0295A,54.168,19.411
PL0492A,52.747,15.246
PT05007,37.015,-7.927
PT03071,38.769,-9.108
PT03072,38.749,-9.149
PT03083,38.664,-9.158
RO0084A,47.151,27.583
RO0074A,46.775,23.597
RO0176A,44.939,26.026
RO0099A,44.858,24.875
RO0119A,45.65,25.604
RO0194A,45.755,21.229
RO0142A,45.432,28.055
SE0058A,55.584,13.007
SE0001A,55.606,13.002
SE0067A,57.698,11.961
SE0004A,57.709,11.97
SE0087A,59.326,18.004
SE0071A,59.443,17.923
SE0070A,59.86,17.642
SE0022A,59.316,18.058
SE0084A,59.346,18.091
SE0104A,59.86,17.636
SE0083A,63.825,20.286
SI0002A,46.559,15.653
SI0058A,46.048,14.471
SI0059A,46.569,15.627
SK0047A,48.896,18.041
SK0266A,48.993,21.267
SK0267A,48.726,21.259
SK0264A,48.691,21.286
SK0134A,48.283,18.141
SK0263A,48.733,19.115
MK0047A,41.992,21.423
PL0527A,49.922,18.471
PL0624A,51.885,17.79
PL0039A,50.069,20.053
IT0840A,45.285,9.864
CZ0TVER,49.925,18.423
PL0129A,52.408,20.956
PL0509A,51.404,19.697
IT1936A,45.438,12.206
IT1130A,45.143,7.778
PL0134A,52.192,20.837
IT2117A,45.176,7.712
AL0203A,40.626,20.78
PL0144A,52.054,20.43
CZ0TOPR,49.856,18.27
PL0549A,49.969,20.44
PL0530A,50.445,18.83
IT0777A,45.698,9.406
IT2062A,45.644,9.615
XK0001A,42.386,21.081
PL0507A,51.259,22.569
IT1215A,45.075,11.783
IT1388A,45.411,10.692
IT1868A,45.161,10.796
PL0623A,50.301,21.434
PL0218A,50.35,18.237
IT1865A,44.997,11.071
IT1385A,45.874,10.177
IT1924A,44.989,10.019
IT1183A,41.49,13.831
IT1464A,45.498,9.556
IT0692A,45.102,8.906
IT1878A,45.319,8.402
IT1965A,45.303,9.495
IT1128A,45.155,7.658
PL0079A,52.029,23.149
IT2119A,44.72,7.426
PL0552A,50.159,19.477
IT2013A,41.639,13.323
IT1596A,45.837,12.51
IT1187A,43.841,10.574
CZ0TTRO,49.668,18.678
PL0413A,49.69,21.75
IT1830A,44.92,8.623
IT1876A,45.683,9.467
IT2101A,45.003,7.837
IT2068A,42.743,12.666
PL0518A,49.745,21.455
PL0194A,51.129,17.029
CZ0TSTD,49.721,18.089
IT1788A,45.451,7.878
IT1658A,40.488,18.054
IT1222A,45.63,12.592
IT1553A,43.916,11.007
IT1328A,45.891,12.308
IT1914A,44.873,10.664
PL0276A,50.53,22.112
PL0558A,54.121,17.976
IT1871A,45.227,11.666
SK0008A,49.079,19.303
PL0566A,51.051,21.084
SK0025A,48.631,20.24
IT1286A,45.305,9.486
IT2116A,45.295,8.043
IT1967A,46.169,9.88
IT1619A,46.031,11.906
GR0030A,37.943,23.648
PL0620A,53.084,21.579
PL0523A,50.454,20.716
HR0021A,45.834,15.978
IT1948A,44.808,8.31
IT1179A,44.84,11.961
IT1065A,45.761,11.737
CY0007A,34.914,33.616
PL0517A,50.972,18.208
SK0030A,48.874,21.838
IT2105A,43.457,12.246
PL0534A,52.926,14.863
IT1921A,44.928,11.178
IT0703A,46.052,11.454
AT60197,46.778,15.541
IT2134A,42.534,12.522
ES0825A,43.307,-5.69
IT1900A,42.952,12.708
PL0591A,51.643,15.128
IT0903A,44.516,10.734
IT1908A,44.096,12.402
CZ0UTPM,50.645,13.851
SK0037A,48.931,21.914
IT1606A,41.114,16.888
AT2WO15,46.835,14.844
IT0460A,43.527,13.245
IT1919A,44.742,11.942
IT0461A,43.633,13.388
RO0072A,44.627,26.126
LV0008A,56.51,27.333
IT2201A,45.963,12.656
IT0945A,43.875,11.105
IT1451A,44.662,11.639
PL0243A,50.711,19.459
PL0198A,51.15,15.008
IT2118A,44.402,7.815
PL0585A,50.913,15.766
IT1927A,44.526,11.981
IT1666A,40.404,18.03
IT2108A,44.375,8.299
IT2073A,44.539,10.791
IT2031A,39.068,17.114
IT0887A,41.996,12.726
IT2107A,44.383,8.284
IT1232A,44.382,8.281
IS0005A,64.13,-21.875
IT2111A,39.075,16.231
LV0012A,56.523,21.005
IT1576A,39.203,8.386
IT1621A,41.123,16.873
IT1665A,40.459,18.116
IT2121A,45.689,8.458
IT1186A,43.884,10.245
IT2026A,38.4,16.07
SK0022A,48.584,19.952
SK0039A,49.067,18.922
CZ0SMBO,50.429,14.914
PL0176A,53.692,19.97
FR25051,49.918,1.074
IT1953A,40.168,18.174
IT1901A,43.353,12.576
IT2019A,41.454,15.548
CZ0BZNO,48.843,16.06
BELOB01,50.917,3.307
IT0867A,42.404,12.858
IT1532A,45.713,8.284
IT2148A,40.649,17.512
GR0035A,38.07,23.777
IT1529A,44.382,7.538
IT1456A,44.113,9.833
BETN043,50.884,4.383
AT32701,48.145,16.474
FR01065,49.168,5.387
IT2112A,39.188,17.01
IT0950A,43.461,11.889
BELAL03,51.254,4.201
IT2144A,41.108,16.766
CZ0BMIS,48.792,16.724
IT0499A,46.619,10.859
BELSA04,51.314,4.404
LV0026A,56.955,24.105
IT0591A,45.892,11.039
FR33101,45.565,5.928
IT2100A,43.133,12.206
IT2110A,39.49,16.387
IT2056A,39.236,9.115
IT1611A,40.489,17.226
IT2129A,45.805,13.522
BETR750,51.196,3.823
CY0008A,34.779,32.439
IT1696A,46.434,11.339
IT1143A,44.273,8.439
FR12055,43.922,2.147
DERP023,49.629,8.365
DEBB032,52.146,14.638
IT1915A,43.933,12.628
IT0459A,43.599,13.342
FR27008,45.353,4.805
AT4S404,48.225,14.239
IT2131A,45.738,13.479
FR31040,44.509,0.143
FR20061,45.986,4.719
BETR740,51.15,3.809
DEHE063,49.643,8.642
FR31041,43.896,-0.491
BELHB23,51.17,4.341
IT2066A,43.358,12.557
IT1660A,40.494,17.233
ES1440A,42.21,-8.737
BELOB02,50.915,3.376
DEBB099,52.482,13.848
AT30407,48.234,16.637
AT60107,47.045,15.153
PT02004,40.712,-8.57
FR08252,44.054,4.697
AT30104,48.178,14.549
IT1911A,44.658,10.289
FR24033,44.555,6.073
BETN052,50.815,3.322
IT0952A,41.889,12.266
FR06006,50.364,3.523
BETR702,51.041,3.735
FR14028,49.046,3.956
AT10001,47.84,16.528
NL00551,52.463,4.602
DENW002,51.641,7.331
IT0992A,41.67,13.674
IT1594A,46.141,12.217
PL0505A,51.318,15.432
AT31902,48.331,15.904
DENW338,51.485,6.735
FR24038,44.549,6.067
BETR020,50.941,4.437
CZ0SBER,49.958,14.058
BETR710,51.061,3.775
BETR731,51.125,3.74
AT4S217,48.209,14.437
PL0535A,53.712,16.692
DEBW125,49.004,8.526
IT2067A,43.318,12.619
IT1817A,40.957,17.29
FR25052,49.02,1.139
DEBB086,52.35,13.424
DEMV022,54.093,12.1
BETR240,50.584,5.397
HR0012A,46.169,15.661
FR20046,45.779,4.925
ES1418A,41.763,-1.143
DERP003,49.455,8.426
DEBB060,52.832,13.822
DENW116,51.343,6.67
DEBB068,52.678,13.582
BETM802,51.261,4.424
NL00573,52.79,4.729
BETR811,51.252,4.491
FR18080,49.843,3.281
DEBY028,48.91,11.879
FR01020,49.358,6.157
PL0171A,54.464,17.047
FR28028,50.535,2.636
IT1030A,44.283,11.871
AT32301,48.212,15.634
GB0050A,36.133,-5.353
AT31413,48.084,16.33
ES1277A,38.681,-4.108
DEBW015,49.166,9.225
DENW030,51.673,6.63
FR31036,43.705,-1.039
FR04024,48.991,2.445
IT1144A,44.294,8.411
IT1860A,42.74,12.737
IT2109A,42.552,12.42
IT2233A,45.734,7.33
BETR834,51.092,4.38
IT2143A,40.961,17.284
DEBB007,51.463,13.527
BETN016,51.234,5.164
BEGR811,51.252,4.491
DEBY052,48.397,10.008
NL00491,51.938,4.431
DERP047,49.784,6.69
DEBY012,48.177,12.829
ES2051A,43.402,-5.803
ES1767A,28.073,-16.653
BETM705,50.945,3.152
DEHH015,53.523,10.021
DEBY067,49.322,12.128
IT1938A,39.313,16.245
FR26005,47.308,5.066
CZ0KSOM,50.173,12.673
IT2104A,45.664,8.16
BETN045,50.94,5.368
FR08026,43.428,3.604
LU0102A,49.505,5.977
BELMN01,50.793,3.11
BETN035,50.978,4.838
DEBY075,49.679,12.159
CH0031A,46.951,7.441
NL00489,51.869,4.575
IT2141A,41.631,15.387
BELGK06,50.928,5.471
ES1755A,42.581,-1.282
DEBY002,50.058,12.189
BELRL01,50.953,3.121
AT0ENK1,48.392,13.671
PL0152A,54.118,22.935
IT1902A,43.067,12.468
DEBY035,47.557,9.689
IT2032A,43.473,11.142
BETR512,50.408,4.396
AL0206A,42.314,19.523
DEBB083,51.565,14.376
ES1803A,40.634,-4.014
BELAL01,51.236,4.385
DEBW022,48.578,7.802
CH0011A,46.011,8.957
BETR831,51.349,4.34
RO0210A,43.964,26.038
IT2142A,41.547,15.441
ES1811A,40.167,-3.277
FR22054,49.187,6.911
BETN054,50.712,5.103
BELAB02,51.341,4.322
DEST104,51.837,11.891
FR18042,49.851,3.284
FR32001,46.782,4.847
DEMV023,53.632,11.398
BELSZ02,50.913,4.512
DEBY001,49.305,10.572
IT1940A,38.23,16.255
DENW010,51.547,7.694
DEST108,51.197,11.961
BETR815,51.215,4.332
NL00561,52.334,4.774
DEBB029,53.064,14.285
DEBW005,49.544,8.465
NL00485,51.866,4.355
IT1544A,44.107,9.858
NL00572,52.474,4.629
DEBB067,52.609,12.885
IT1510A,45.93,8.565
ES2025A,28.506,-13.849
DENW181,51.443,8.361
DENW179,51.449,7.582
DENI071,51.614,10.423
DEBY121,47.648,12.188
IT2139A,40.646,17.961
DEBW156,48.229,8.391
DEBY187,48.952,10.598
DEBY004,49.869,9.172
LU0105A,49.722,6.305
DERP022,49.842,7.866
IT2087A,38.96,16.295
BETR223,50.621,5.516
FR02020,43.511,5.22
ES1762A,28.047,-16.536
FR04048,49.1,2.344
NL00495,51.932,4.228
DENW074,50.883,6.469
FR30033,49.066,5.786
IT1796A,43.336,13.675
NL00496,51.978,4.121
AT4S156,48.258,13.04
PL0005R,54.125,22.038
FR24018,43.836,5.786
MT00004,35.852,14.539
IT1947A,39.067,9.009
NL00704,52.43,4.77
DENI053,52.998,7.943
IT1843A,42.849,13.619
DENW068,51.571,8.148
FR18053,49.903,2.305
DEBW052,47.664,9.169
FR82050,46.671,5.557
DESH015,53.925,9.533
IT0863A,42.422,12.109
ES1772A,28.393,-16.358
FR39015,14.606,-61.065
PT04006,38.615,-7.397
DEMV004,53.818,12.065
DEBW023,47.588,7.633
LV0022A,57.404,21.59
FR06009,50.172,3.236
AT4S407,48.001,13.668
ES1976A,28.462,-16.277
NL00230,51.519,5.149
DEBY088,48.022,12.538
FR34034,47.222,2.073
DESH035,53.896,9.157
PT03089,38.785,-9.347
ES1798A,43.354,-8.425
DENI043,52.499,7.317
ES2038A,28.459,-16.27
ES1809A,40.185,-3.68
DEST002,52.268,11.865
DK0051A,56.151,10.201
DEBY014,50.261,10.959
DESH028,53.699,10.776
IT2113A,42.737,12.137
AT4S418,47.972,13.601
NL00570,52.487,4.639
IT1812A,45.913,9.497
NL00547,52.235,5.182
BEGRT01,51.231,5.053
BETR510,50.416,4.521
ES1741A,27.764,-15.564
NL00703,52.4,4.73
DETH036,50.656,12.205
IT1993A,39.261,9.136
DEBB053,52.564,14.015
FR14042,48.646,4.966
ES1490A,43.171,-2.636
DEMV019,53.782,12.176
IT0983A,45.736,7.324
ES1964A,41.387,2.057
PT03099,38.636,-8.691
FR08020,43.676,4.088
GB0954A,52.132,-0.3
AT4S409,48.049,14.443
FR04181,48.634,1.831
CH0010A,47.378,8.53
NL00448,51.927,4.462
ES1810A,40.25,-4.275
FR26019,47.801,3.576
CZ0JKOS,49.573,15.08
BETN012,51.255,3.363
DEUB005,52.801,10.757
FR34038,46.815,2.61
IT1773A,43.468,12.952
DERP046,50.431,7.461
IT1587A,45.937,13.616
IT2038A,44.052,8.207
DEHE046,51.431,8.928
ES1443A,42.336,-3.636
BETN063,50.655,4.668
DEHB013,53.118,8.695
ES1417A,42.136,-0.404
DEMV031,54.177,12.098
GB1006A,50.917,-0.45
FR32007,46.802,4.418
DEBY124,49.444,10.325
IT2028A,38.105,15.639
ES1670A,39.559,-1.281
IT2064A,43.274,12.612
FR14203,49.159,3.913
IT1904A,44.763,9.052
ES1907A,43.302,-8.506
BETN060,50.617,3.458
IT1609A,40.521,17.217
IT1593A,42.779,11.119
GB1034A,52.412,-1.56
CH0005A,47.403,8.613
DEBY031,47.725,10.307
ES2022A,28.38,-16.368
ES2037A,40.383,0.709
HR0022A,43.511,16.449
BETN029,51.016,2.582
ES1671A,39.708,-0.832
NL00247,51.408,5.393
SK0004R,49.153,20.291
LT00002,54.686,25.211
FR10132,50.61,1.991
DENI041,52.17,9.063
GB0728A,51.544,0.678
ES0110A,43.303,-2.977
GB0583A,54.569,-1.221
DK0012R,55.694,12.089
FR23124,46.657,-0.744
PT03096,39.352,-8.466
DENI060,52.957,11.167
GB0837A,51.489,-0.442
IT2023A,42.745,11.865
DENI070,52.154,10.456
DEBB063,52.999,11.738
DETH060,50.653,10.669
ES1181A,39.481,-0.447
ES0007R,37.237,-3.534
FR23177,47.788,-0.444
FR05090,49.515,0.101
FR35023,45.264,1.764
GB0884A,51.463,-2.584
DESN076,51.304,13.009
ES1760A,28.112,-16.578
FR29428,45.422,4.413
GB0920A,51.745,-1.26
FR08714,42.696,2.9
SI0008R,45.561,14.858
ES1779A,42.439,-2.245
BETN073,50.503,4.988
DEUB030,53.141,13.032
ES1766A,28.145,-16.524
IS0006A,64.139,-21.873
LT00044,54.884,23.836
IT0989A,42.572,12.962
CY0002R,35.038,33.058
DESH008,54.093,10.241
GB1022A,50.411,-4.228
GB0921A,51.638,-2.679
ES1952A,28.111,-15.521
GB0906A,51.584,-3.771
GB1025A,51.425,-0.346
FR34057,46.943,2.003
FR04066,48.364,2.237
ES1636A,41.656,-4.734
NO0084A,59.21,10.945
GB1029A,51.075,-4.042
FR26012,47.275,4.099
ES2054A,43.57,-5.958
IT2114A,43.368,12.547
FI00576,60.19,24.916
NL00444,52.298,4.51
ES1884A,39.634,-0.266
ES2053A,28.09,-17.118
NO0099A,59.906,10.612
BETN067,50.612,5.993
DENI031,53.596,8.091
ES1977A,27.898,-15.488
IT2010A,40.831,8.405
GB0958A,53.389,-2.615
GB0735A,56.01,-3.704
AT4S125,47.716,13.632
FR12045,43.095,-0.052
ES1920A,28.337,-16.4
MT00007,36.067,14.197
FR41017,42.671,9.435
ES2018A,39.782,-0.359
HR0013A,44.899,15.61
FR04328,48.355,2.645
GB0777A,53.346,-2.844
AT4S108,48.531,14.575
IT2089A,38.918,16.579
NL00538,52.805,5.051
ES1761A,28.08,-16.56
ES1499A,43.048,-2.191
FR19008,47.832,-1.836
BETN093,50.274,5.235
ES1746A,42.341,-2.232
FR33302,46.072,5.821
DEBY072,49.438,12.549
NO0073A,59.923,10.766
ES0873A,28.035,-15.416
ES2020A,28.457,-16.272
DEBY109,47.969,11.22
GB0617A,51.456,0.635
BETN132,49.719,5.63
DEST098,51.662,11.043
ES1744A,27.869,-15.387
GB0036R,51.571,-1.325
DERP028,50.424,7.73
GB1044A,55.861,-4.238
ES0010R,42.319,3.316
GB0882A,53.805,-3.007
ES0011R,38.473,-6.924
IT2099A,42.805,12.566
FR07022,46.653,3.601
ES2036A,40.546,0.425
ES0016R,42.635,-7.705
ES0014R,41.394,0.735
SE37657,55.634,13.079
IE003AP,53.39,-6.305
ES1386A,40.013,-0.057
BETN100,50.096,4.595
ES1685A,40.052,-0.19
ES1745A,27.898,-15.445
FR21050,48.645,-0.458
ES1691A,39.931,-0.603
ES0360A,42.781,-6.604
ES1877A,39.945,-0.056
NO0061A,59.159,9.636
SE0093A,56.672,12.863
DEBW087,48.346,9.208
LT00021,56.319,22.871
BETN121,49.877,5.202
SE0015A,55.87,12.83
LT00051,55.463,26.004
FR41024,42.236,9.19
BETN113,50.027,5.593
DERP017,49.27,7.826
NO0074A,61.113,10.465
FR24039,43.933,5.712
GB0840A,51.453,-0.944
ES1753A,42.34,-2.059
PT02019,39.924,-8.892
ES1763A,27.801,-15.461
FR38020,-21.01,55.273
ES1868A,42.876,-8.559
DEUB029,50.654,10.77
AT0ZOE2,47.839,14.441
GB0730A,53.373,-3.023
IT1996A,40.256,8.773
NO0080A,59.129,9.642
ES1543A,40.735,-0.169
ES1865A,28.5,-13.852
ES1911A,39.705,-0.337
ES0008R,43.439,-4.85
ES0006R,39.875,4.316
ES1997A,40.078,-6.147
ES1687A,40.062,0.073
FI00280,61.057,28.246
ES1827A,39.678,2.687
ES1866A,28.503,-13.854
ES1956A,28.645,-17.772
NO0104A,60.796,11.098
IE0110A,51.882,-8.457
BETN085,50.303,6.002
ES1864A,28.99,-13.517
NO0103A,60.791,10.697
DEUB004,47.913,7.908
PT05012,37.312,-7.679
NO0075A,61.121,10.466
IT2097A,44.15,10.926
ES0001R,39.547,-4.351
FI00838,61.509,23.676
ES1756A,28.377,-16.362
IE0141A,53.187,-6.122
ES1838A,40.593,-3.503
IT2009A,40.724,8.576
FI00833,64.679,24.464
GB0839A,55.946,-3.182
ES1649A,42.176,-1.744
ES1978A,28.498,-13.861
ES2004A,28.026,-15.415
ES0365A,42.704,-4.827
FI00606,61.056,28.184
ES1489A,42.875,-3.231
FR36021,44.569,5.279
DEBW031,47.81,7.765
ES1886A,39.427,-0.784
ES0012R,39.083,-1.101
IT2078A,38.87,16.669
ES1802A,40.91,-3.467
ES0013R,41.239,-5.898
ES1980A,28.686,-17.765
ES1742A,27.773,-15.542
IE0145A,53.704,-9.013
PT02020,40.233,-7.302
SE0003A,59.317,18.049
EE0016A,58.703,26.759
FI00893,60.53,27.675
ES1968A,38.351,-0.514
EE0009R,59.494,25.931
ES1764A,28.381,-16.372
FI00208,60.314,24.685
FI00349,59.779,21.374
ES0009R,41.274,-3.142
GB0742A,57.481,-4.241
IS0037A,64.105,-21.889
FI00761,60.251,24.063
EE0019A,59.41,27.279
FI00586,63.096,21.61
EE0011R,58.376,21.845
ES0886A,28.03,-15.416
ES1863A,28.977,-13.548
SE37658,63.821,20.289
IS0025A,64.375,-21.763
IS0002A,64.059,-21.991
GB0048R,55.792,-3.243
NO0056R,60.373,11.074
NO0002R,58.388,8.252
FR38017,-21.294,55.628
NO0039R,62.782,8.877
TR220341,40.851,26.635
TR450241,39.181,27.613
BA0046A,44.454,18.648
BA0039A,44.195,17.932
BA0037A,44.199,17.913
TR630141,37.16,38.787
TR130141,38.412,42.112
TR300141,37.574,43.739
RS0009A,44.076,22.1
BA0031A,44.541,18.673
TR040241,39.548,44.084
BG0026A,42.146,25.875
BA0050A,43.96,18.269
BA0045A,44.533,18.535
TR590141,40.976,27.513
BA0043A,43.83,18.311
ME0001A,43.355,19.358
TR460241,38.204,37.198
BG0080A,42.61,23.032
CZ0TOFF,49.839,18.264
NO0098A,59.279,11.122
TR660141,39.819,34.806
TR050341,40.837,35.652
TR460141,37.585,36.898
BETR721,51.089,3.716
BG0041A,42.056,25.593
FR05084,49.493,0.572
FR05056,49.474,0.526
NO0100A,58.256,8.359
PL0294A,49.672,19.234
NO0094A,69.656,30.422
RO0152A,44.681,23.374
TR670941,41.452,31.787
TR590231,40.977,27.503
TR700141,37.116,33.132
AT30302,48.05,16.675
AT60136,47.12,15.351
AT60177,47.565,14.245
AT0ILL1,47.77,16.766
AT9SCHA,48.235,16.302
BELLM05,51.215,5.258
BETN066,50.629,6.002
BG0018A,41.636,25.38
AT32501,48.409,15.619
BA0041A,43.662,18.978
CZ0KPRB,50.372,12.615
CZ0TRYC,49.872,18.377
AT10003,48.109,17.07
AT2F202,46.843,14.53
AT31701,48.37,15.546
AT60179,47.283,15.972
AT4S415,48.323,14.298
AT900ZA,48.249,16.357
BETR892,51.263,4.279
BA0001G,43.778,18.02
BA0042A,43.848,18.364
BG0056A,42.457,27.421
BG0069A,42.674,26.338
BG0055A,42.432,25.637
CZ0CCHU,49.068,13.615
EE0015A,59.457,24.699
AT30801,48.724,15.498
AT60180,47.409,15.253
AD0942A,42.51,1.539
AT2M121,46.558,13.705
AT30301,48.144,16.959
AT30502,48.879,15.047
AT2WO35,46.708,14.892
AT30401,48.335,16.729
AT9JAEG,48.27,16.297
AT900KE,48.157,16.476
AT31301,48.579,16.581
AT30202,48.106,15.919
AT30103,48.18,14.867
AT31502,47.67,15.86
AT31401,48.086,16.302
AT31901,48.329,16.062
AT32401,47.814,16.255
AT30601,48.302,16.314
AT31703,48.353,15.747
AT31904,48.276,15.935
AT4S173,48.279,14.366
AT4S406,48.165,14.036
AT60106,47.063,15.087
AT60119,47.21,14.825
AT60135,47.113,15.339
AT52000,47.683,13.1
AT60185,46.768,15.956
AT60142,47.376,15.075
AT60191,47.136,15.324
AT60151,46.871,15.496
AT9STEF,48.208,16.373
AT60156,47.348,15.882
AT72519,47.429,11.872
AT0VOR1,46.679,12.974
AT60190,46.652,15.368
HR0005A,45.321,14.484
AT0PIL1,48.721,15.942
BELWZ02,51.193,5.222
CZ0UKRU,50.697,13.848
BG0078A,42.141,24.788
BETR820,51.32,4.445
BETR893,51.281,4.386
BETR897,51.25,4.342
CZ0EPAO,50.042,15.739
CZ0LFRT,50.941,15.07
BETR002,50.825,4.385
CZ0ULTT,50.541,14.119
BA0029A,43.867,18.423
CZ0UULM,50.661,14.043
BETB001,50.846,4.368
BG0013A,43.223,27.587
BG0053R,41.694,24.738
BETWOL1,50.857,4.426
BG0045A,43.851,25.964
BG0058A,42.002,23.098
BG0057A,43.126,25.691
BG0070A,42.637,23.244
BG0040A,42.732,23.311
BG0038A,43.268,26.938
BG0079A,42.655,23.383
BG0071A,42.66,27.721
BG0081A,43.999,22.868
BG0019A,43.412,24.615
BG0044A,42.519,27.375
BA0047A,45.07,17.59
HR0007A,45.8,15.974
BG0052A,42.667,23.4
HR0023A,43.548,16.435
BG0073A,42.67,23.268
HR0010A,45.16,17.995
BG0083A,43.217,27.936
BG0043A,43.208,23.557
HR0003A,45.559,18.699
CY0004A,35.152,33.348
CZ0MJES,50.242,17.19
CZ0MPRR,49.452,17.454
CZ0PKUJ,49.722,13.619
CZ0TBKR,49.503,18.539
CZ0SROR,50.302,15.178
CZ0ULOM,50.586,13.673
CZ0UMED,50.428,13.13
CZ0USNZ,50.789,14.087
CZ0UTUS,50.377,13.328
FI00357,68.477,28.303
FI00080,61.238,28.874
CZ0TCTN,49.749,18.61
CZ0LLIL,50.755,15.07
CZ0ZTNV,49.259,17.411
CZ0TKAR,49.864,18.551
CZ0UDOK,50.459,14.17
CZ0PPLV,49.769,13.423
CZ0SKLS,50.167,14.106
EE0020A,59.431,24.761
FI00352,66.322,29.402
FI00356,67.967,24.112
FI00027,64.995,25.479
FI00184,61.315,22.137
FI00339,60.36,25.566
FI00179,61.332,22.143
FR23001,47.324,-2.082
FR23149,47.286,-2.032
FR23003,47.323,-2.04
FR31022,43.41,-0.672
FR35002,45.89,0.9
FR09017,45.695,-0.323
FR23238,47.194,-1.582
FR23069,47.361,-1.955
FR38011,-21.334,55.459
FR23068,47.247,-1.937
FR23070,47.283,-1.783
FR38018,-20.95,55.314
FR23239,47.186,-1.591
FR23004,47.317,-2.073
FR23153,47.332,-2.152
FR31020,43.411,-0.617
FR39003,14.604,-61.041
FR09301,46.824,-0.135
FR23178,47.319,-2.067
FR12016,43.106,0.719
FR31021,43.376,-0.537
FR38091,-20.929,55.333
FR41060,42.703,9.446
FR31026,43.838,-0.811
FR31023,43.434,-0.692
FR31024,43.377,-0.609
FR35019,45.876,0.824
FR38098,-21.277,55.403
FR38008,-20.885,55.454
FR05083,49.503,0.232
FR05085,49.512,0.539
FR38009,-20.911,55.619
FR41002,42.698,9.446
FR38016,-21.205,55.583
FR05087,49.498,0.759
FR05081,49.504,0.412
FR03030,43.454,5.467
FR02013,43.459,4.935
FR12015,43.094,0.745
FR05080,49.504,0.267
FR02011,43.438,4.945
FR05010,49.529,0.359
FR05069,49.488,0.452
FR25011,49.383,1.026
FR02012,43.506,4.983
FR02001,43.486,5.172
FR02009,43.394,4.801
FR36007,44.676,4.674
FR02028,43.387,5.027
FR20029,45.664,4.846
FR27003,45.454,4.767
FR33111,45.275,6.35
FR01059,49.337,6.082
FR22019,49.22,6.926
FR16067,47.802,7.123
FR10028,50.981,2.143
FR10034,51.024,2.302
FR10012,51.019,2.251
FR30019,48.173,6.453
FR01022,49.131,6.207
FR16052,47.811,7.106
FR01016,48.886,6.094
FR16017,48.919,8.158
FR01060,49.169,6.213
FR30023,48.633,6.305
FR22009,49.166,6.717
FR22011,49.158,6.732
FR30027,48.565,6.13
FR30028,48.051,7.011
FR82041,47.043,5.401
FR30018,48.025,6.586
FR82042,47.066,5.415
FR30032,48.695,6.965
FR82043,47.147,5.556
FR41001,41.925,8.736
FR02019,43.446,5.254
FR41059,41.926,8.738
FR14051,49.745,4.719
FR14022,48.962,4.36
FR16054,48.075,7.351
FR10017,51.033,2.332
FR05070,49.505,0.202
FR05037,49.504,0.176
FR05072,49.504,0.085
FR05078,49.498,0.143
FR02003,43.387,5.16
FR01012,49.11,6.223
FR02029,43.4,5.113
FR02008,43.402,4.982
FR02021,43.331,5.118
FR02043,43.416,5.222
FR02033,43.34,5.059
FR02007,43.361,5.058
FR02006,43.359,5.023
FR02004,43.417,5.043
FR04017,48.881,2.278
FR30037,48.657,6.136
FR04018,48.904,2.385
FR16034,48.59,7.745
FR23181,47.273,-2.223
FR12052,43.23,0.062
FR14031,48.302,4.077
DEBB066,51.898,14.057
DEBW004,49.077,8.407
DEBW029,48.848,10.096
DERP015,50.266,6.378
DEHE051,50.498,9.936
DEHE018,50.01,8.452
DESL001,49.264,6.687
DEHE045,49.673,9.002
DEHH016,53.529,10.082
DEHE060,51.155,9.032
DEHE042,50.533,8.684
DEMV007,54.162,12.174
DESN052,50.732,13.752
DEMV026,54.324,13.342
DENW021,51.526,6.977
DERP016,50.767,7.974
DEMV012,53.52,14.257
DEST011,51.839,10.79
DERP014,49.741,7.193
DENI051,51.758,10.612
DENW034,51.524,6.748
DENI058,53.715,7.214
DESL003,49.358,6.734
DENW081,51.862,6.875
DENW066,51.327,6.196
DERP013,49.423,7.294
DERP025,49.052,8.254
DEUB028,54.437,12.722
DESN045,50.892,14.823
DESN053,50.428,12.954
DESL006,49.184,6.745
DESN001,50.571,12.997
DESL017,49.254,6.868
DESL019,49.417,6.552
DERP021,50.425,7.481
DESL002,49.362,7.263
DESN024,50.355,12.469
DEST039,51.799,10.618
DESN074,50.659,13.465
DEST090,51.321,12.032
DETH061,50.792,11.661
DEST028,51.055,12.141
DEUB046,48.948,13.421
DEST089,52.593,11.172
DEHH079,53.545,9.945
DETH027,50.5,11.135
DEST015,51.651,12.303
DEHB001,53.077,8.816
DEBE066,52.485,13.53
DESN020,51.156,14.974
DETH042,51.333,10.867
DEHB012,53.125,8.735
DEUB001,54.925,8.308
DEHH081,53.529,9.982
DEHE005,50.102,8.543
DEHB004,53.181,8.625
DEHE001,49.872,8.665
DENW040,51.385,6.763
DEHE135,50.076,8.576
DEHE011,50.136,8.922
DETH009,50.878,12.075
DEHE020,50.567,8.501
DENW059,50.89,6.985
HU0032A,47.307,18.92
DERP001,49.515,8.402
IE0028A,53.354,-6.278
HU0033A,46.976,18.936
DERP007,50.017,8.217
HU0037A,47.105,17.557
DERP020,49.754,6.647
DESL010,49.244,6.949
GR0120A,37.901,23.879
IS0050A,66.055,-17.348
HU0028A,47.961,21.706
GR0002A,37.978,23.727
IS0041A,64.334,-21.836
HU0031A,47.557,18.421
IE001BP,51.911,-8.475
HU0038A,48.218,20.703
HU0040A,47.672,16.839
DENI020,52.441,10.816
HU0035A,47.692,16.575
IS0046A,64.044,-21.985
IE001CM,53.036,-7.289
GR0038A,38.051,23.538
HU0027A,48.107,20.79
IS0049A,66.079,-17.342
IS0048A,64.382,-21.84
IS0029A,65.04,-14.048
IS0030A,65.012,-14.13
GR0048A,38.246,21.736
GR0032A,38.0,23.733
HU0039A,47.79,18.746
IS0028A,65.03,-14.162
IE002CM,54.003,-6.393
HU0041A,47.508,19.028
HU0023A,47.513,21.624
HU0042A,47.542,19.146
HU0045A,47.492,19.088
IE004AP,53.342,-6.214
HU0026A,48.247,20.616
HU0029A,46.08,18.211
HU0030A,46.071,18.225
HU0034A,47.091,17.901
IE0090A,54.066,-6.883
IE0137A,52.503,-8.592
HU0036A,47.562,18.96
IS0052A,65.684,-18.088
IT0614A,37.156,15.191
IT0794A,38.183,15.302
IT2288A,38.232,15.248
IT2175A,42.302,12.413
IT2213A,40.711,14.702
IT1661A,44.155,9.919
IT1740A,41.067,15.723
IT1804A,41.484,14.047
IT0611A,37.182,15.129
IT0618A,37.218,15.22
IT2206A,37.022,14.345
IT1428A,40.321,9.322
IT0888A,41.731,13.004
IT0908A,46.47,10.372
IT1848A,45.59,11.038
IT1744A,40.687,16.547
IT2202A,40.288,15.891
IT2183A,43.569,10.333
IT2218A,40.99,14.424
IT2273A,40.487,15.528
IT1269A,39.07,9.017
IT1549A,44.519,8.874
LT00053,56.008,21.887
IT2268A,40.611,14.976
IT1547A,44.129,9.866
IT1741A,40.486,16.496
IT1676A,45.44,8.62
IT1800A,42.001,14.994
IT2007A,45.809,9.223
IT2093A,38.665,16.08
IT2133A,45.799,13.423
IT0856A,44.408,8.941
IT1838A,45.546,11.534
IT1193A,40.984,15.64
IT1999A,44.428,8.83
IT2204A,40.324,15.867
IT1548A,44.183,9.898
IS0027A,65.03,-14.242
IT1493A,40.864,14.341
LT00031,55.708,21.141
IT1509A,45.41,8.786
IT1449A,38.175,15.271
IT1608A,40.562,17.203
IT2072A,45.104,11.553
IT2173A,41.223,13.57
IT2252A,42.082,11.809
IT1802A,41.597,14.234
IT1890A,37.564,14.281
IT2132A,45.839,13.499
IT0837A,45.633,9.556
IT1586A,40.625,15.812
IT2264A,42.097,11.788
IT1887A,44.414,8.912
IT2280A,45.64,13.766
IT1475A,45.624,13.779
IT1751A,44.574,8.951
IT0709A,45.144,10.803
IT0689A,45.068,8.869
IT0884A,42.158,11.909
IT1888A,38.05,13.119
IT1874A,45.281,8.755
IT0815A,37.062,14.284
IT2205A,40.316,15.955
IT0792A,38.16,15.275
IT1880A,45.433,11.891
IT2251A,42.099,11.818
IT0778A,45.518,9.591
IT0775A,46.137,9.385
LV0003A,56.936,24.156
IT2207A,37.076,14.224
IT2224A,40.991,14.203
IT2006A,39.166,8.521
IT0885A,42.092,11.802
IT1427A,40.319,9.329
IT2130A,45.843,13.543
IT1026A,44.573,8.946
IT2254A,42.161,11.9
IT2226A,40.921,14.39
IT2250A,42.102,11.784
IT0906A,46.167,9.871
IT1895A,40.42,16.548
IT1361A,43.84,13.019
IT0839A,45.367,9.705
IT2212A,40.924,14.481
IT2210A,40.836,14.825
IT2211A,40.98,14.401
IT1835A,41.948,12.534
IT1192A,44.365,8.29
IT1674A,40.644,15.873
IT2203A,40.335,15.901
IT1287A,45.159,9.698
IT1742A,40.314,15.905
IT1889A,37.978,13.688
IT1546A,44.065,9.839
IT1806A,41.419,14.526
IT1166A,46.402,13.011
IT1897A,41.046,15.788
IT2286A,44.262,8.446
IT2094A,38.391,16.235
IT1375A,39.444,9.015
IT0267A,45.329,9.415
IT2152A,45.822,13.271
IT2049A,39.286,9.011
IT2170A,45.811,13.262
IT2021A,40.592,17.116
IT1704A,40.62,17.978
IT1273A,39.209,8.39
IT1278A,39.238,8.984
LT00043,55.28,23.958
IT1378A,39.899,8.598
IT1856A,42.364,13.383
IT2274A,37.292,13.532
IT1994A,39.547,8.794
IT2166A,42.346,14.138
IT1903A,44.894,8.198
IT2150A,40.403,18.125
IT2151A,40.489,18.047
IT2090A,39.652,16.547
IT2005A,40.928,9.492
IT2169A,45.842,13.302
MK0036A,42.136,21.715
MK0038A,41.03,21.337
IT1347A,40.815,8.36
IT1377A,39.909,8.595
IT1309A,40.928,9.502
IT1397A,39.227,8.996
IT2008A,39.885,8.605
IT2040A,39.233,9.188
IT2011A,39.842,9.216
IT2059A,40.553,8.325
IT2096A,46.499,11.342
IT1213A,45.047,12.062
IT1992A,39.311,8.541
IT2149A,40.743,17.416
IT1407A,40.237,9.032
IT1277A,40.575,9.694
IT1575A,39.177,8.43
IT1243A,40.71,8.551
IT1998A,39.224,8.432
IT2060A,40.809,8.275
IT1336A,45.445,10.964
IT0997A,45.696,9.662
IT0732A,45.836,8.804
IT0706A,45.483,9.328
IT1459A,45.583,8.834
NO0047R,69.455,30.041
IT2052A,37.529,15.081
IT2287A,38.131,13.346
PL0068A,53.081,18.684
IT2232A,45.548,9.167
IT1614A,40.412,17.284
IT1753A,41.558,14.663
IT0776A,45.849,9.396
NL00553,52.494,4.603
IT2214A,40.74,14.644
IT2277A,40.799,14.179
IT0469A,45.076,7.678
LT00023,56.31,22.331
IT2231A,45.659,12.216
PL0247A,52.501,17.774
IT0620A,37.102,15.266
LT00022,55.938,23.308
ME0009A,42.781,18.943
PL0045A,54.353,18.635
IT1440A,37.094,15.209
PL0182A,53.122,14.382
IT2269A,40.661,14.804
IT0448A,45.429,12.314
LT00004,54.673,25.249
MK0031A,41.978,21.47
MK0034A,41.914,22.416
NL00133,50.903,5.882
LT00052,54.092,24.29
LV0019A,56.951,24.116
LT00001,54.678,25.285
NL00484,51.889,4.312
NL00644,51.975,4.923
MK0030A,42.004,21.464
MK0035A,41.514,20.959
MK0041A,42.002,20.967
PT06005,32.65,-16.918
RO0108A,47.098,21.901
RO0066A,44.415,26.173
RO0160A,44.719,26.652
PL0077A,53.662,17.934
RO0202A,45.271,28.424
RO0128A,45.519,22.353
RO0140A,45.131,25.422
RO0151A,44.898,23.171
MK0037A,41.04,21.356
MK0044A,41.441,22.007
RO0065A,44.447,26.037
MK0040A,41.706,21.765
RO0154A,45.871,22.909
RO0180A,44.941,26.047
PL0687A,51.118,15.286
PL0126A,49.294,19.96
RO0208A,43.896,25.957
RO0216A,43.712,24.86
MK0045A,41.987,21.653
PL0697A,51.19,20.409
RS0028A,44.799,20.45
PL0312A,54.306,22.308
SI0001A,46.234,15.262
PL0237A,50.329,19.231
ES1090A,41.674,-0.864
ES0787A,37.19,-6.905
ES1253A,38.093,-3.784
ES0892A,37.2,-6.92
ES2026A,36.895,-2.047
ES1654A,37.994,-5.667
ES1835A,36.95,-1.961
ES1432A,43.179,-6.553
RO0122A,45.652,25.626
ES1095A,39.891,4.253
ES1517A,39.834,3.145
RO0145A,45.818,27.44
ES1954A,28.383,-16.571
ES1831A,38.935,1.432
RO0186A,46.113,24.229
ES1037A,43.368,-4.043
ES1768A,28.008,-16.656
RO0104A,46.564,26.911
RO0123A,45.154,26.819
RO0126A,44.202,27.328
ES1576A,43.404,-3.842
ES0373A,42.626,-6.521
SK0027A,48.733,18.756
ES1312A,41.104,1.201
SI0054A,46.139,15.035
PL0028A,50.912,15.312
ES1640A,37.342,-5.834
PL0700A,52.449,17.0
PL0520A,54.466,18.465
ES1247A,38.906,1.435
ES1769A,28.111,-16.472
ES2000A,28.458,-16.263
ES1038A,43.346,-4.064
ES1365A,38.703,-4.112
ES1163A,42.684,-2.918
ES1991A,41.724,-2.857
ES1853A,41.245,1.618
ES1930A,40.903,0.81
ES1435A,40.417,-0.249
RO0103A,45.286,25.08
RO0105A,46.556,26.927
RO0163A,47.751,23.605
RO0118A,45.638,25.631
RO0075A,46.765,23.55
RO0109A,47.032,21.95
RO0167A,46.541,24.56
ES1169A,36.209,-5.391
ES1259A,37.358,-6.678
ES1878A,37.016,-6.57
ES1433A,43.276,-5.596
ES0296A,39.747,3.015
ES1093A,39.79,3.074
ES2044A,28.099,-17.121
ES2080A,28.983,-13.514
ES0761A,42.716,-5.639
ES1297A,42.803,-5.624
ES1854A,41.008,0.831
ES1542A,40.555,0.373
PL0539A,52.116,21.237
PL0675A,53.86,23.001
PL0050A,54.432,18.58
PL0048A,54.561,18.493
PL0543A,51.775,19.451
PL0504A,50.433,16.654
PL0105A,51.291,19.518
PL0239A,50.111,18.516
PL0298A,54.194,16.173
RO0195A,45.913,21.152
RO0196A,45.737,21.251
PT02018,40.59,-8.671
RO0083A,47.157,27.575
SK0265A,48.916,20.874
RO0086A,47.206,27.578
RO0211A,47.216,27.769
RO0121A,45.718,25.624
RO0124A,45.392,27.045
RO0189A,47.669,26.282
PL0565A,50.429,21.277
PL0212A,51.8,16.317
PL0046A,54.368,18.701
PL0128A,52.286,20.455
RS0042A,44.06,22.101
PL0242A,50.316,18.772
SK0214A,48.735,19.155
ES1821A,36.74,-5.744
ES1971A,38.138,-4.904
PL0245A,52.42,16.877
PL0031A,52.226,18.269
PL0094A,52.143,19.233
PL0211A,52.172,15.207
PL0691A,50.552,22.983
PL0187A,50.733,16.648
PL0150A,53.216,23.642
PL0677A,50.299,21.441
PL0563A,50.823,20.534
PL0575A,52.438,15.122
PL0273A,49.971,19.83
PL0671A,49.484,20.029
ES1648A,36.234,-5.664
PL0014A,51.835,20.792
PL0686A,50.342,16.89
PL0622A,49.511,21.499
ES1989A,43.041,-5.09
ES1897A,36.728,-4.561
RO0127A,45.299,21.872
PL0241A,50.008,18.456
PL0321A,50.592,16.82
PL0054A,50.972,14.941
PL0317A,50.942,17.291
RO0169A,46.478,24.101
RO0173A,46.899,26.034
RO0178A,44.85,26.024
ES1773A,41.202,1.672
PT03082,38.739,-9.208
PL0568A,49.72,18.827
RO0183A,47.69,22.459
RO0217A,43.651,25.364
PL0649A,52.943,21.288
PL0673A,52.081,21.111
PL0526A,50.818,19.117
ES1982A,42.051,0.73
PL0121A,49.634,21.117
PL0468A,53.154,16.76
PL0544A,51.067,19.449
ES1995A,39.546,2.7
RO0076A,46.782,23.631
PL0222A,50.424,18.121
PL0443A,50.862,21.053
RO0129A,44.723,21.633
RO0138A,45.875,25.804
PL0698A,50.81,20.266
PL0580A,53.494,18.762
PL0064A,53.134,17.996
PL0684A,50.029,18.69
PL0682A,53.695,19.969
RO0168A,46.534,24.534
PL0236A,49.738,18.639
PL0184A,50.836,19.13
PL0681A,53.828,22.348
PL0234A,49.813,19.027
RO0095A,46.181,21.335
PL0573A,52.277,17.074
SK0407A,48.437,17.02
PL0581A,52.793,18.241
PT01048,41.371,-7.791
RO0078A,44.319,23.806
PL0049A,54.328,18.558
PL0047A,54.401,18.657
PL0209A,52.738,15.229
PT05008,37.092,-8.25
RO0080A,44.327,23.779
RO0206A,45.697,27.212
PL0072A,53.018,18.613
PL0582A,53.012,18.606
PL0529A,50.286,19.184
ES0094A,43.406,-7.989
ES0343A,43.684,-7.432
ES1967A,40.956,-4.111
PL0240A,50.1,18.99
ES2014A,42.062,-7.409
PL0104A,51.668,19.369
ES1778A,41.779,2.358
PT03094,38.524,-8.894
PT03101,38.896,-9.04
PT03063,38.619,-9.081
RO0101A,44.98,24.762
RO0093A,45.966,23.56
ES1441A,40.637,-0.091
PT07001,38.605,-28.631
RO0144A,45.412,28.006
PL0688A,53.042,18.595
RO0137A,44.247,28.266
ES1689A,40.054,-0.468
PT04002,38.077,-8.799
RO0165A,47.704,23.628
RO0177A,44.984,26.017
PL0205A,52.658,19.059
PT04004,38.02,-8.698
ES0624A,36.848,-2.038
RO0199A,45.694,21.893
RO0162A,47.652,23.57
RO0068A,44.39,26.137
RO0077A,47.149,23.877
PT03095,38.659,-9.067
ES1307A,43.175,-8.19
RO0098A,44.87,24.855
RO0153A,46.327,25.811
PT04003,37.871,-8.724
RO0094A,46.109,23.226
RO0215A,43.746,24.87
RO0200A,45.18,28.787
RS0033A,43.323,21.919
RO0150A,45.051,23.275
RO0096A,46.191,21.302
RO0161A,47.652,23.555
RS0044A,43.902,22.273
ES2067A,37.005,-1.934
ES1598A,43.213,-3.134
RO0073A,46.778,23.616
RO0190A,47.953,26.068
RO0204A,45.039,24.299
RO0191A,43.98,25.312
RO0092A,46.064,23.563
RO0071A,44.349,26.033
ES1781A,36.689,-6.117
RO0114A,45.263,27.97
RO0213A,44.197,27.391
RO0170A,46.334,24.308
SK0007R,47.96,17.861
RO0110A,47.044,22.332
RO0082A,44.342,23.72
RO0175A,44.94,25.997
RO0069A,44.416,26.043
RO0085A,47.158,27.613
RO0187A,46.159,24.338
RO0209A,43.875,25.932
ES0901A,43.245,-8.319
ES1035A,43.186,-8.47
RO0115A,45.271,27.889
RO0130A,45.363,22.243
RO0155A,45.896,22.899
RO0164A,47.671,23.614
RO0166A,44.627,22.678
ES1860A,37.555,-6.036
RO0179A,44.923,26.036
RO0182A,47.799,22.877
RO0188A,47.649,26.249
RO0193A,45.728,21.205
RO0100A,44.84,25.007
RO0106A,46.257,26.793
RO0111A,47.127,24.496
RO0205A,46.632,27.731
RO0097A,46.167,20.737
RO0117A,45.168,27.923
ES1892A,41.444,2.238
SI0003A,46.065,14.513
ES2005A,42.954,-9.186
RO0139A,44.916,25.472
RO0181A,47.195,23.047
RO0198A,45.258,21.267
RO0157A,45.735,22.992
RO0158A,45.373,23.278
RO0172A,46.949,26.918
RO0125A,44.205,27.315
RO0087A,47.136,27.693
RO0192A,43.758,24.902
RO0112A,47.74,26.659
ES1712A,43.299,-2.987
ES1160A,42.351,-3.676
RO0201A,45.176,28.775
RO0203A,45.083,24.37
RO0174A,44.429,24.351
RO0141A,45.42,28.018
ES1651A,43.256,-5.776
RO0113A,45.284,27.971
RO0171A,46.932,26.39
ES1269A,43.367,-5.833
ES1922A,42.019,-4.538
RO0197A,45.778,21.22
ES1451A,28.032,-15.409
SK0269A,48.309,18.077
RO0207A,43.912,25.972
ES1560A,37.196,-3.613
ES0005R,42.721,-8.924
RO0107A,47.069,21.927
RS0035A,44.863,20.644
RS0036A,44.803,20.4
ES1425A,37.375,-6.006
RS0038A,44.718,21.173
ES0822A,37.28,-6.938
SK0013A,48.667,18.531
RS0031A,45.239,19.836
RS0037A,44.797,20.475
SK0021A,48.681,17.363
SK0031A,48.886,21.688
ES0633A,36.175,-5.433
ES1990A,40.57,-6.224
ES0694A,41.392,2.01
SK0001A,48.125,17.126
SK0050A,48.783,18.628
ES1258A,37.282,-6.834
ES1370A,36.743,-3.517
ES1339A,41.219,1.721
SI0036A,46.131,14.996
ES1816A,41.547,2.443
SI0037A,46.144,15.083
ES2040A,37.139,-1.842
ES1643A,41.767,-2.467
ES1618A,40.979,-5.665
ES1549A,36.77,-2.811
ES1620A,36.661,-6.114
ES1445A,39.982,0.011
ES1124A,41.16,1.24
ES0629A,36.186,-5.489
ES1074A,36.204,-5.384
ES1161A,42.604,-5.587
ES0316A,40.947,-0.291
ES1094A,39.875,4.259
ES1851A,42.098,1.848
ES0017R,37.052,-6.555
ES0824A,43.307,-5.706
ES1829A,39.633,2.63
ES1131A,28.462,-16.262
ES0712A,36.175,-5.481
ES0115A,40.424,-3.712
ES1428A,39.959,-0.036
ES0557A,36.186,-5.381
ES1637A,36.162,-5.443
ES0894A,36.204,-5.405
ES1837A,41.648,-0.884
ES1785A,36.923,-2.463
ES0777A,43.094,-8.495
ES0961A,42.432,-8.675
ES0556A,36.179,-5.377
ES0634A,36.212,-5.43
ES1925A,36.18,-5.382
ES1072A,36.159,-5.348
ES1256A,37.26,-6.925
ES1546A,37.252,-1.771
CH0013A,47.387,8.54
ES0893A,36.182,-5.411
ES2084A,42.656,-8.107
ES1793A,37.104,-6.734
ES1421A,40.336,-1.107
ES1664A,36.136,-5.453
ES2021A,28.463,-16.265
ES1627A,37.976,-1.231
ES1579A,43.264,-4.063
ES1591A,42.559,-6.726
ES1790A,42.543,-6.585
ES1996A,37.193,-1.985
TR020141,37.761,38.278
TR070141,36.888,30.703
TR080141,41.175,41.818
TR250311,39.868,41.275
TR340241,41.02,28.67
ES1658A,37.272,-6.925
ES2041A,41.916,0.191
ES1979A,28.668,-17.776
ES2066A,36.958,-2.159
ES1175A,42.715,-7.449
ES1557A,43.26,-8.555
ES1279A,38.682,-4.089
TR200241,37.782,29.087
TR341641,41.054,29.01
TR410221,40.789,29.537
ES1973A,37.136,-3.619
ES1883A,42.458,0.182
ES1353A,43.294,-5.68
ES2048A,43.377,-8.437
ES1806A,40.287,-3.221
TR360141,40.605,43.104
TR380131,38.724,35.47
TR420141,37.86,32.475
TR470141,37.321,40.724
TR500141,38.616,34.702
TR530213,41.127,41.048
ES2075A,43.346,-5.97
ES1137A,42.219,-8.742
ES0785A,37.267,-6.919
ES1832A,41.933,-4.47
ES1855A,41.01,0.913
ES1246A,38.914,1.414
ES1518A,39.84,3.027
TR540141,40.767,30.394
TR680141,38.368,34.013
ES1047A,41.651,-0.916
ES1122A,41.194,1.237
ES2011A,41.401,2.0
ES1759A,28.451,-16.278
ES1530A,43.012,-4.136
ES1162A,41.316,-4.909
GB0037R,53.403,-1.752
ES2074A,28.475,-16.259
SE0053A,56.047,12.691
TR040141,39.721,43.04
TR240141,39.743,39.495
TR250241,39.918,41.27
ES1563A,40.479,-3.378
ES1039A,43.356,-4.064
ES1577A,43.421,-3.841
ES1397A,42.003,2.287
ES1812A,41.278,1.18
ES1817A,41.527,2.184
TR342341,40.89,29.208
TR342541,41.014,29.162
TR350341,38.432,27.144
ES1531A,43.153,-4.253
GB0841A,53.586,-0.637
ES1910A,41.303,1.992
ES1287A,42.795,-4.841
TR420441,37.916,32.5
TR550341,41.562,35.907
ES1858A,40.062,-2.13
ES1963A,40.119,-3.833
GB1055R,51.15,-1.438
ES1578A,43.382,-3.221
ES1437A,40.692,0.085
TR590341,41.318,27.98
ES1986A,41.666,-3.689
ES1987A,42.952,-3.475
ES2029A,40.665,-4.701
ES1120A,41.116,1.192
ES1824A,37.784,-3.81
ES1117A,41.112,1.152
ES1602A,42.464,-2.428
ES1123A,41.155,1.218
ES1624A,38.242,-0.683
ES1867A,43.481,-8.243
ES2012A,41.415,1.991
ES1185A,39.667,-0.235
TR010441,36.999,35.312
TR100141,39.634,27.896
TR100411,39.6,27.004
ES1366A,42.405,-8.67
ES1278A,38.689,-4.112
ES1948A,40.94,0.831
ES1096A,42.352,-7.877
ES1536A,40.571,-3.265
ES1387A,39.963,-0.233
TR600241,40.672,36.562
TR770141,40.653,29.26
ES1275A,41.689,2.496
ES1018A,41.556,2.007
ES1572A,43.373,-5.873
ES1912A,39.458,-0.343
ES1688A,39.892,-0.065
SE20484,55.868,12.828
ES1625A,39.509,-0.418
CH0002R,46.813,6.944
TR160341,40.081,29.5
ES1713A,43.255,-2.902
TR250413,40.034,41.572
TR350641,38.498,27.068
TR410741,40.726,29.795
TR411122,40.704,29.884
TR430341,39.428,29.97
TR520141,40.983,37.878
TR690141,40.26,40.227
TR760213,39.787,44.621
ES1271A,43.539,-5.699
TR110241,39.904,30.053
TR200141,37.766,29.097
TR210141,37.915,40.225
TR230141,38.675,39.212
TR240231,39.746,39.497
TR280241,40.914,38.399
TR342041,40.992,29.034
TR342141,41.088,28.983
TR350741,38.396,27.083
ES2061A,42.523,-8.644
ES1439A,42.203,-8.747
ES1970A,39.45,-0.396
ES2050A,43.148,-8.545
ES0880A,43.551,-5.919
R0602041,39.999,32.856
TR270141,37.059,37.351
ES1225A,41.616,0.616
TR341841,41.038,28.888
TR350213,38.203,26.833
TR350541,38.469,27.221
TR540422,40.755,30.65
TR750141,41.111,42.701
ES1268A,43.358,-5.866
ES1529A,43.468,-3.79
TR010113,37.186,35.262
TR310222,36.714,36.224
TR340341,41.092,28.975
ES1819A,38.908,-6.338
TR342741,40.999,28.827
TR350441,38.462,27.167
TR390213,41.563,27.778
TR410141,40.766,29.951
ES0339A,43.687,-7.507
TR520341,40.974,37.908
TR580141,39.749,37.026
TR580341,39.744,37.002
TR600441,40.386,36.083
TR610241,41.005,39.732
TR800141,37.073,36.241
ES1617A,39.15,-0.458
ES0805A,43.241,-2.884
ES1961A,43.669,-7.379
ES0879A,43.55,-5.899
ES1423A,37.694,-1.065
ES1234A,43.335,-8.472
ES1359A,43.313,-7.693
ES1958A,43.445,-7.918
ES2068A,43.082,-1.913
ES1349A,43.144,-2.963
ES1497A,43.268,-1.978
ES1358A,43.538,-5.646
ES1857A,38.994,-3.938
ES1684A,41.492,2.042
ES1992A,41.388,2.115
ES1244A,43.268,-2.927
ES1537A,40.63,-3.172
ES1889A,40.961,-5.64
ES1634A,36.173,-5.342
ES1901A,42.888,-8.531
ES1905A,42.998,-7.55
ES1125A,41.73,1.825
ES1836A,41.642,-0.862
ES1750A,36.72,-4.448
ES1623A,38.706,-0.467
CH0008A,47.541,7.583
TR050241,40.874,35.457
ES2007A,37.574,-0.927
ES1749A,42.898,-2.173
TR170313,40.403,26.771
TR220213,41.659,26.537
TR340141,41.096,28.79
TR350941,38.382,27.148
TR550441,41.263,36.352
TR550521,41.224,36.455
TR570141,42.03,35.155
ES1138A,43.368,-8.419
TR050141,40.668,35.836
ES0584A,41.482,2.188
TR160512,40.196,29.046
ES1983A,41.322,2.082
TR490141,38.749,41.509
TR100313,40.49,27.979
TR220141,41.659,26.585
TR760141,39.926,44.054
TR340741,40.984,29.269
TR350141,38.314,27.137
ES1960A,43.492,-8.252
TR370141,41.367,33.765
TR400141,39.148,34.159
TR510141,37.967,34.683
TR620141,39.101,39.547
ES0201A,43.451,-7.847
ES1174A,42.726,-7.452
ES1826A,39.551,-0.461
ES1820A,38.429,-6.395
ES0651A,37.603,-0.913
ES1662A,42.308,-1.808
ES0588A,43.321,-3.074
ES1661A,42.075,-1.627
ES1959A,43.471,-7.84
ES2015A,42.181,-8.524
ES2085A,42.061,-7.73
ES1635A,38.359,-0.472
ES1285A,43.535,-7.739
TR160613,40.223,28.872
ES1424A,43.559,-5.927
ES0587A,43.321,-3.113
ES2006A,43.009,-9.119
ES2049A,43.116,-8.351
TR340411,41.075,29.059
ES1656A,37.783,-3.782
ES1929A,41.322,2.098
TR530141,41.022,40.533
TR540331,40.791,30.397
ES1834A,39.989,-0.026
TR560141,37.932,41.935
TR610613,40.617,40.298
TR770212,40.701,29.508
ES1849A,38.259,-0.718
ES1479A,36.506,-6.269
ES1393A,36.841,-2.447
ES1601A,38.888,-7.011
ES1799A,37.893,-4.762
ES2047A,37.893,-4.78
ES1182A,38.967,-0.19
ES2030A,36.511,-4.863
ES1270A,43.535,-5.658
ES1921A,37.603,-0.975
ES0890A,37.394,-6.003
ES1426A,40.408,-3.645
ES1919A,28.004,-15.412
ES1568A,40.324,-3.877
ES1653A,37.284,-5.914
ES1422A,40.419,-3.703
ES1610A,39.57,2.656
ES1740A,42.812,-1.64
ES1999A,41.976,2.817
ES1638A,37.347,-5.98
ES1644A,37.388,-5.991
ES1859A,39.959,-4.846
ES2063A,42.222,-8.711
SE155531,55.373,13.157
ES1593A,36.461,-6.203
ES1580A,43.461,-3.809
ES2064A,41.659,-0.907
ES1927A,41.51,-5.746
ES1696A,43.303,-1.984
ES1666A,41.117,1.242
CH0005R,47.067,8.463
TR100241,40.348,27.975
CH0041A,46.976,7.479
TR330141,36.806,34.635
ES1903A,41.314,2.014
R4101241,40.811,29.437
R4101322,40.846,29.425
TR480141,37.216,28.357
TR570241,41.461,34.777
TR590522,41.181,27.815
TR110141,40.141,29.978
TR340841,41.102,28.872
SE0054A,55.701,13.201
TR341431,41.015,28.955
TR380321,38.74,35.375
TR410641,40.771,30.008
TR420241,37.945,32.508
TR060641,39.925,32.927
TR090141,37.854,27.818
TR180141,40.6,33.617
TR010341,37.004,35.344
TR160141,40.234,29.038
TR170141,40.137,26.406
TR610341,41.014,39.592
TR341031,41.002,28.839
TR341541,41.058,28.946
TR120141,38.884,40.504
TR320141,37.777,30.547
TR790141,36.715,37.127
TR350841,38.454,27.11
TR390141,41.724,27.214
TR450141,38.615,27.405
CH0033A,46.16,8.934
TR390441,41.398,27.346
TR410521,40.788,29.525
TR411021,40.746,29.789
TR610541,40.999,39.693
TR650141,38.507,43.371
TR550241,41.325,36.297
TR600141,40.326,36.555
TR030141,38.752,30.543
TR040341,39.237,42.853
TR150141,37.723,30.294
TR160231,40.186,29.08
TR770313,40.529,28.785
TR190141,40.554,34.963
TR250141,39.898,41.273
TR280141,40.907,38.362
TR310141,36.208,36.152
GB0043R,51.782,-4.691
TR341131,41.024,29.1
GB0038R,50.794,0.181
TR380241,38.725,35.516
TR590441,41.156,27.811
R0601941,39.871,32.858
TR190321,40.531,34.944
GB0045R,52.298,0.291
TR440141,38.35,38.342
GB1060A,55.003,-7.331
TR720141,37.901,41.129
GB0681A,53.563,-1.51
GB0645A,51.477,0.318
MK0043A,41.999,21.441
TR420341,37.868,32.516
TR810141,40.846,31.148
TR060831,39.927,32.859
TR190231,40.547,34.967
MK0048A,42.006,21.387
TR050431,40.657,35.838
TR600331,40.319,36.552
TR341931,40.994,29.069
TR410831,40.768,29.938
TR580231,39.747,37.013
RS0041A,44.273,19.899
TR610141,41.006,39.712
TR060741,39.967,32.863
TR060441,39.968,32.796
BA0002A,44.202,17.9
TR060941,39.972,32.585
TR540231,40.769,30.41
TR060231,39.937,32.878
TR060541,39.896,32.841
TR550631,41.287,36.329
TR160421,40.195,29.205
TR410913,41.131,30.007
TR520441,41.121,37.28
TR430141,39.419,29.986
TR060141,39.918,32.823
BG0060A,43.41,23.224
TR550141,41.278,36.338
IT0872A,41.57,13.337
BG0034A,42.023,24.84
BG0061A,41.93,25.553
TR740141,41.631,32.335
RS0030A,43.317,21.914
IT1862A,45.49,12.218
PL0057A,51.502,16.075
IT1200A,41.62,13.331
BG0068A,43.998,22.875
PL0066A,52.888,18.781
IT0846A,45.505,10.313
IT1869A,45.164,10.782
HR0002A,45.479,16.781
IT2070A,45.378,11.94
IT2079A,45.304,8.846
IT0643A,44.907,8.612
PL0101A,51.706,19.435
TR780141,41.197,32.623
BG0077A,41.577,24.714
PL0125A,50.035,20.213
IT0705A,45.463,9.196
TR520241,41.027,37.5
IT1034A,45.661,9.157
RS0043A,44.012,20.925
IT1104A,45.186,9.147
IT2063A,45.148,9.94
TR290141,40.461,39.481
TR340531,41.066,28.994
ME0002A,42.441,19.267
IT2071A,45.6,11.902
PL0137A,51.406,21.167
IT1340A,45.4,11.286
PL0169A,54.601,18.239
ES1320A,43.579,-5.927
IT1010A,45.468,8.892
TR010213,36.855,35.349
PL0179A,51.638,17.823
PL0181A,52.459,16.906
IT1214A,45.04,11.791
IT1533A,45.328,8.415
IT1535A,45.184,11.311
BG0047A,42.191,24.337
IT2156A,44.7,10.623
CZ0THAR,49.791,18.407
IT0721A,44.636,10.905
IT1923A,45.049,9.693
HR0006A,45.458,16.388
IT1964A,45.235,9.667
IT2098A,45.602,9.276
PL0191A,50.58,16.514
IT1646A,45.082,9.714
RO0120A,45.659,25.616
HR0009A,45.765,16.006
PL0196A,51.078,17.043
IT1392A,45.051,11.204
IT1582A,45.136,8.445
IT1870A,45.29,11.643
IT0524A,45.542,9.516
PL0201A,53.138,17.605
SI0067A,46.238,15.278
TR342641,41.015,29.025
ES2002A,28.527,-14.004
PL0214A,52.229,20.918
CZ0ZVMZ,49.472,17.967
CZ0TFMI,49.672,18.351
CZ0TTRK,49.672,18.643
IT0187A,44.842,11.613
IT1105A,44.788,10.337
IT1910A,44.926,10.371
IT2243A,45.433,11.03
SE0117A,57.637,18.303
IT0742A,45.639,10.386
CZ0ZUHR,49.068,17.467
IT1463A,45.621,9.612
IT1920A,44.541,10.819
PL0251A,53.471,14.556
IT1294A,45.526,8.737
BG0024A,42.727,23.556
TR480241,37.343,28.147
IT1873A,45.617,8.75
IT1917A,44.738,11.3
IT0740A,45.655,10.201
PL0270A,51.78,22.626
IT1648A,45.727,9.126
IT2018A,40.528,17.588
PL0290A,50.658,18.696
PL0293A,50.48,19.433
IT2200A,45.951,12.502
SK0018A,48.592,21.175
TR341231,41.027,29.025
IT1735A,45.0,9.009
IT2115A,45.857,12.926
IT1152A,44.799,10.884
PL0306A,50.278,19.57
PL0308A,52.285,20.933
TR640141,38.664,29.404
PL0310A,54.525,18.536
SI0033A,46.651,16.192
CZ0TVRZ,49.622,17.861
PL0353A,50.928,22.228
PL0366A,51.798,19.756
IT1044A,44.052,12.576
IT1524A,44.704,8.033
TR340611,41.073,28.256
IS0008A,65.689,-18.101
PL0476A,51.217,17.39
PL0477A,51.124,15.92
PL0478A,49.659,21.163
PL0481A,49.894,21.051
PL0482A,50.854,20.603
RO0070A,44.429,26.121
FR40008,4.938,-52.321
PL0483A,50.233,18.656
PL0484A,50.58,19.327
CZ0MDST,49.932,16.961
IT1523A,44.909,8.205
IT2128A,46.128,8.292
CZ0MPST,49.468,17.115
IT2220A,41.169,14.151
CZ0AVRS,50.066,14.446
IT2222A,41.185,14.092
SK0020A,49.212,18.771
RO0067A,44.441,26.151
PL0516A,53.112,20.372
BG0066A,43.137,24.716
IT0895A,44.429,12.187
IT1246A,45.569,8.188
PL0522A,54.38,18.62
CZ0AVYN,50.111,14.503
CZ0TPIS,49.574,18.785
FR37007,16.251,-61.528
PL0528A,49.972,18.947
IT0889A,41.725,13.009
IT1121A,45.176,7.56
PL0532A,52.467,16.646
IT1734A,45.841,9.349
PL0533A,52.816,17.208
SE156417,59.857,17.646
ME0008A,42.1,19.103
FR39011,14.614,-61.053
AT60171,47.059,15.467
IT1962A,41.479,14.033
IT2102A,45.899,8.416
PL0537A,51.663,19.355
SI0062A,46.061,14.512
CZ0TOVK,49.945,17.91
PL0541A,50.804,16.254
CZ0APRU,50.062,14.538
PT03075,38.72,-9.146
CZ0UDCM,50.774,14.219
CZ0CTAB,49.411,14.676
IT1163A,44.472,11.416
CZ0AKAL,50.094,14.442
CZ0BBDN,49.203,16.616
CZ0UULD,50.683,13.998
FR39014,14.469,-60.927
FR04123,48.902,2.391
PL0545A,51.761,20.251
CZ0HTRT,50.566,15.904
IT1112A,45.958,12.619
PL0547A,51.526,20.017
IT2075A,44.5,11.286
PL0548A,51.601,18.94
SI0061A,45.802,15.177
ES1633A,37.994,-1.145
PL0553A,50.877,18.417
PL0554A,50.012,22.675
LV0018A,56.959,24.126
BA0040A,44.343,17.268
PL0555A,49.572,22.196
PL0557A,54.508,18.54
CZ0AREP,50.088,14.429
PL0559A,54.031,19.033
FR39008,14.616,-61.101
PL0560A,54.546,17.746
AT60172,47.069,15.432
PL0561A,54.104,18.183
IT0991A,41.73,13.338
IT1208A,42.452,14.198
ES1966A,41.054,-0.139
CZ0EMTP,49.759,16.667
PL0562A,53.722,18.937
TR670141,41.451,31.784
PL0564A,50.887,21.661
BG0063A,42.51,27.469
IT1001A,43.844,10.512
TR140141,40.733,31.602
FR15039,45.158,5.704
CZ0ZVSH,49.344,17.996
FR04031,48.869,2.312
SK0045A,48.371,17.585
SE09569,62.386,17.303
DEBW142,48.903,9.081
FR16040,48.576,7.727
CZ0SBRL,50.19,14.66
IT0755A,44.215,12.056
IT2234A,45.731,7.33
IT2242A,43.623,11.467
SI0060A,46.248,14.364
PL0569A,52.54,17.612
PL0570A,51.84,16.605
ES1891A,41.599,2.287
FR40007,4.848,-52.324
PL0571A,52.317,16.142
PL0572A,52.393,16.928
DENW208,51.528,7.085
PL0574A,53.699,16.705
FR04012,48.828,2.328
FR39016,14.678,-60.939
SE0072A,59.198,17.621
TR710141,39.843,33.518
IT1834A,41.91,12.549
IT2240A,43.833,10.5
FR39009,14.611,-61.003
SK0262A,48.558,19.157
FR33114,45.252,6.397
IT1566A,37.079,15.282
PL0586A,50.871,15.701
IT2146A,41.114,16.788
PL0589A,51.764,19.467
PL0590A,51.218,18.582
IT1029A,44.356,11.72
IT1519A,44.412,8.17
PL0592A,52.225,21.015
FR04131,48.873,2.33
IT0898A,40.854,14.251
PL0593A,50.459,17.332
BG0025A,42.708,24.177
CZ0UCHM,50.468,13.413
PL0595A,50.576,21.688
AT60139,47.069,15.404
CZ0HVEL,50.354,15.839
CZ0PSTA,49.553,13.067
IT0544A,44.824,9.83
IT0828A,41.883,12.509
IT1176A,41.886,12.542
IT1928A,44.284,12.332
PL0598A,53.588,19.565
TR340913,41.17,29.563
PL0603A,51.657,16.098
PT05011,37.138,-8.542
ES1567A,40.34,-3.745
DEBE064,52.482,13.434
PL0605A,52.673,19.079
DEBE063,52.468,13.442
PL0606A,53.249,19.415
PL0607A,52.234,19.368
ES1869A,40.43,-3.544
SE0081A,58.589,16.178
ES1516A,36.523,-6.225
CZ0BBNF,49.216,16.568
CZ0ESEZ,50.062,15.85
PT03103,38.65,-9.049
HU0044A,48.474,21.212
IT0871A,41.69,13.25
IT1078A,38.111,13.35
IT1670A,44.139,12.239
IT2209A,44.286,11.873
IT2239A,44.006,10.56
DENW133,51.363,7.464
SK0002A,48.158,17.129
CZ0BLOC,49.069,17.071
DENW131,51.506,6.747
ES1900A,41.387,2.187
ES1532A,40.388,-3.651
CZ0ASUC,50.127,14.385
FR25054,49.434,1.067
GB1033A,51.519,-0.266
DENW082,51.213,6.783
IT2140A,46.071,13.23
PL0609A,52.106,19.94
TR342441,41.129,29.05
CZ0HJIC,50.439,15.353
AT2M226,46.61,14.398
ES2023A,28.805,-17.783
DERP041,49.479,8.444
DENW188,51.475,6.864
PL0611A,51.954,20.149
DESN077,51.336,12.335
BETR803,51.229,4.428
TR260141,39.781,30.501
DEBY119,49.791,9.948
IT1837A,41.864,12.469
IT1841A,41.798,12.607
IT2245A,46.144,12.213
SI0034A,45.956,13.652
PT06004,32.649,-16.883
RO0131A,44.178,28.636
CZ0BBNV,49.198,16.594
FR33220,45.924,6.714
ES1340A,37.253,-6.935
PL0621A,50.055,21.416
FR31017,43.494,-1.528
FR04173,48.806,3.084
CZ0LCLM,50.698,14.537
IT1190A,46.132,9.566
DEBE069,52.438,13.388
FR03068,43.127,5.922
FR24023,43.789,7.332
DENW211,50.963,7.005
FR33203,45.91,6.118
DENW134,51.478,7.005
SE0092A,58.411,15.63
ES1801A,40.301,-3.459
CZ0CVOD,49.147,14.172
IT1071A,43.713,10.772
SI0065A,45.954,13.657
ES2028A,40.314,-3.717
TR341713,40.858,29.121
CZ0HRNK,50.172,16.268
CZ0TOSG,49.552,18.361
PT03093,38.529,-8.894
AT10007,47.465,16.647
CZ0ABRE,50.084,14.38
SE0114A,59.201,17.635
IT1090A,45.623,13.788
FR20017,45.735,4.83
DEBW220,48.742,9.314
PL0635A,51.755,19.435
BETR805,51.208,4.422
ES1822A,36.794,-5.532
FR03087,43.937,4.825
PL0636A,51.592,18.735
PL0641A,50.057,19.946
DEBY120,49.44,11.036
IT1168A,45.973,13.393
DENW136,51.524,7.484
DEHE049,51.312,9.491
IT1698A,44.405,8.968
DENW180,51.064,6.559
IT0988A,45.597,7.766
IT1114A,45.139,7.05
IT2153A,43.793,11.098
PL0642A,50.099,20.018
PT02022,40.183,-8.677
ES1870A,41.375,2.187
PT03097,38.802,-9.182
PT02017,40.636,-8.647
ES2024A,27.832,-17.922
DENW351,51.524,7.06
IT1687A,40.346,18.095
DEBW116,48.769,9.184
RO0159A,44.565,27.366
FR20069,45.775,4.899
RO0135A,44.149,28.624
AT32702,48.145,16.511
DENW259,51.169,6.44
BG0076A,43.553,27.833
CZ0BVYS,49.281,16.98
IT1663A,40.566,17.808
PL0643A,50.081,19.895
ES1942A,40.462,-3.581
FR20019,45.758,4.886
IT0832A,43.463,11.877
IT1409A,43.714,10.411
IT1916A,44.013,12.42
PL0647A,50.018,20.993
ES1984A,41.798,-0.156
RO0184A,45.785,24.153
ES1807A,40.359,-3.544
CZ0JTRE,49.223,15.866
FR24021,43.787,7.373
PL0650A,50.201,17.831
PT03055,38.667,-9.048
ES1148A,41.426,2.222
IT1664A,40.419,17.964
FR20070,45.75,4.844
DEBW117,48.889,9.19
CZ0AKOB,50.122,14.468
CH0043A,46.026,8.968
IT1657A,40.486,18.006
IT1603A,41.2,16.605
FR18019,49.276,2.482
IT1486A,41.084,14.345
PL0652A,50.318,21.486
AT30599,48.308,16.328
AT30902,48.385,16.182
IT1477A,45.609,13.751
IT2177A,42.944,13.879
DEBE061,52.464,13.318
DEBW136,48.52,9.058
DEHE116,50.101,8.785
PL0654A,54.185,21.153
FR11027,50.724,3.159
IT0869A,41.464,12.913
IT1079A,38.124,13.354
IT2174A,41.451,12.892
PL0657A,51.419,21.961
FR15046,45.181,5.721
ES1564A,40.54,-3.646
NO0078A,66.312,14.151
FR40006,5.164,-52.646
TR390313,41.885,28.056
FR37001,16.257,-61.592
AT60178,47.216,15.628
AT9LIES,48.141,16.301
DEHB006,53.079,8.825
ES1569A,37.689,-1.701
FR04004,48.892,2.347
AT90LAA,48.161,16.393
ES1565A,40.281,-3.801
IT2088A,39.08,17.123
ES1396A,41.379,2.133
SE30312,58.596,16.192
SE0021A,57.701,11.995
AT9BELG,48.174,16.361
DEHH068,53.592,10.054
FR08616,43.83,4.362
GB1012A,51.48,-0.06
DEHE095,50.575,8.492
ES1792A,37.134,-6.807
CZ0LTAS,50.738,15.303
IT1420A,42.142,14.441
PL0658A,51.263,15.57
SI0038A,45.543,13.714
AT9GAUD,48.187,16.339
DENW367,51.568,6.991
BELAL02,51.305,4.235
AT2WO25,46.764,14.822
PL0659A,50.447,16.239
FI00902,60.196,24.952
DEBW226,47.657,9.467
ES0126A,40.395,-3.732
BELAL05,51.263,4.279
PL0660A,50.844,16.494
IT2086A,39.339,16.243
ES1611A,40.033,-3.592
DENW189,51.261,7.147
SK0048A,48.167,17.117
DEBW042,48.678,9.228
IT1718A,37.516,15.097
FR41022,41.918,8.737
IT1823A,40.953,16.92
PL0665A,51.357,19.366
IT1822A,41.232,16.292
SE0106A,63.291,18.716
FR30030,48.615,6.108
NO0067A,59.733,10.212
DENW260,51.953,7.619
FR14010,49.282,4.051
DEHE131,50.386,8.06
BETR823,51.213,4.24
DEST101,51.89,11.056
DENW200,52.006,8.553
PL0666A,51.379,20.282
CZ0BBNE,49.256,16.62
IT0870A,41.75,13.15
IT1977A,42.518,14.148
PL0667A,51.972,18.79
DEHB011,53.585,8.599
DETH091,51.205,10.448
DENW207,50.773,6.096
FR18079,49.877,2.282
ES1535A,38.979,-1.852
BETR817,51.177,4.418
AT10035,46.942,16.148
AT10008,48.001,16.863
AT32302,48.201,15.62
AT90FLO,48.261,16.397
FR03021,43.524,5.448
IT2061A,43.731,12.636
FR03071,43.131,5.924
RO0133A,44.312,28.623
DEST112,52.132,11.632
SE135020,59.378,13.498
FR10041,50.748,2.26
FR04319,48.956,2.575
IT1346A,37.091,15.286
SE0027A,59.341,18.058
FR31005,44.841,-0.58
FR11030,50.532,2.839
DENW329,51.034,6.451
DEST103,52.121,11.633
DEBY110,48.37,10.896
FR33122,45.536,6.471
DEHE040,49.869,8.654
IT1943A,44.315,9.324
IT1598A,41.628,15.909
CZ0LRAD,50.625,15.078
IT1592A,42.762,11.11
SI0043A,46.36,15.112
ES2027A,41.451,2.248
IT1145A,44.313,8.473
FR03014,43.348,5.36
ES1944A,40.494,-3.66
NL00445,52.075,4.316
IT1617A,40.423,17.846
ES0692A,41.371,2.115
FR41020,42.7,9.452
PL0668A,49.967,19.146
DEHH026,53.561,9.957
FR04099,48.841,2.484
NO0106A,59.138,9.652
FR20031,45.708,4.864
CZ0TBRS,49.987,17.469
DENW112,51.438,6.772
FR02026,43.585,5.006
SK0268A,48.6,18.842
ES2039A,43.52,-8.15
IT1618A,40.644,17.948
CZ0BKUC,48.881,16.086
CZ0EUOR,49.98,16.422
DERP045,50.36,7.593
DEST095,51.76,11.449
RO0134A,43.815,28.583
IT1496A,40.849,14.231
DEST092,51.867,12.598
FR04150,48.891,2.241
AT60198,47.047,16.079
PL0669A,50.019,20.017
NL00237,51.445,5.429
DENW337,51.098,6.469
DENW375,51.433,7.334
IT1551A,43.757,11.193
PL0670A,50.101,20.123
PT01055,41.188,-8.672
ES2069A,43.523,-5.689
NL00546,52.42,4.832
ES1947A,40.501,-3.69
ES1808A,40.368,-4.398
DENW355,51.031,7.011
DENW254,51.468,6.753
AT31406,48.083,16.337
DESL020,49.231,7.003
BELRB01,51.089,4.331
FR33105,45.569,5.933
NO0092A,58.147,7.987
DENW101,51.52,7.464
DENW301,51.431,6.848
AT0KLH1,46.767,15.956
ES1309A,42.91,-8.5
SE0100A,65.581,22.14
ES1965A,41.382,2.066
CZ0SPBR,49.676,13.991
FR20037,45.602,4.802
AT10002,47.339,16.208
CZ0SKUH,49.961,15.273
FR09402,46.57,0.324
HR0011A,45.698,18.835
FR36001,44.87,4.876
NL00131,51.541,5.854
AT2SP18,46.801,13.494
IT1624A,41.101,16.86
NL00020,52.376,4.861
DENW182,50.927,6.582
FR20045,45.732,4.98
PL0672A,49.609,19.966
DEMV028,53.901,11.477
GB1056A,50.92,-1.463
FR20048,45.753,5.072
IT0860A,43.786,11.231
IT1857A,42.657,13.709
IT2091A,38.869,16.608
IT2172A,42.099,11.798
SI0057A,46.485,14.869
FR28022,50.309,2.807
DEBB092,52.335,14.526
PL0674A,50.667,17.899
DENW062,50.754,7.083
DENW038,51.453,6.865
FR31003,44.85,-0.544
FR02022,43.675,4.629
AT30101,48.12,14.878
ES1613A,40.666,-3.773
FR28034,50.626,2.473
DEBW137,48.526,8.979
FR16069,47.748,7.321
NL00807,52.389,6.404
FR05054,49.481,0.165
FR01064,49.125,6.181
FR15038,45.183,5.753
IT1334A,46.495,11.34
IT1680A,40.701,17.332
FR06011,50.323,3.396
FR31039,43.311,-0.352
IT1335A,46.662,11.162
FR18039,50.129,1.611
DENW206,51.176,7.084
PT01044,41.274,-8.376
AT60143,47.382,15.089
AT30603,48.086,16.433
AT60183,47.206,15.346
CZ0UCEC,50.303,13.494
FR25035,49.358,1.008
IT1571A,43.941,10.905
IT1819A,44.078,10.097
NL00493,51.927,4.462
IT1829A,38.198,15.553
IT2044A,40.352,18.177
FR27002,45.368,4.805
FR02041,43.639,5.101
IT2058A,41.135,16.845
FR29429,45.533,4.624
ES2082A,42.49,-1.656
DK0058A,55.398,10.367
PT03085,38.83,-9.164
CZ0JKRI,49.384,16.099
FR10026,50.958,1.89
PL0676A,49.565,21.791
FR33213,46.191,6.236
ES1208A,41.151,1.12
DEBY033,48.54,12.157
AT52300,47.691,13.108
ES0827A,37.315,-6.845
DESH053,53.862,10.673
AT60195,46.814,15.213
GB1051A,52.639,-1.124
DENW374,51.561,7.186
IT2092A,38.676,16.098
NO0119A,60.884,11.559
FR04179,48.83,2.27
GB1036A,54.573,-5.975
DEMV017,53.302,11.363
FR14201,49.349,4.07
PT06008,32.808,-16.886
FR16029,48.61,7.782
AT72910,46.828,12.766
FR34013,47.907,1.901
ES1805A,40.781,-3.702
DEHE112,50.072,8.229
DEHH070,53.556,9.943
DENW067,52.023,8.548
DENW096,51.155,6.426
IT2167A,42.421,14.279
ES1899A,41.308,1.647
DEBB048,52.932,12.809
DEMV025,54.319,13.081
NL00236,51.47,5.473
FR12047,43.804,1.596
IT2229A,44.111,9.955
DEBE051,52.644,13.483
DEBY063,49.015,12.102
FR18035,49.869,2.24
DEBW056,49.108,9.733
IT1702A,40.651,17.944
FR34047,48.761,1.234
PL0678A,49.547,21.851
DEBY056,49.472,10.985
FR82020,47.641,6.859
FR04098,48.84,2.635
AT80709,47.46,9.641
FR20047,45.823,4.954
FR08617,43.925,4.266
DETH043,50.985,11.019
PT03084,38.754,-9.231
FR09399,46.322,-0.466
FR36019,45.042,5.044
NL00318,51.295,3.749
FR15017,45.19,5.687
FR31001,44.861,-0.579
DENW043,51.451,7.031
NL00639,52.069,5.121
CH0056A,47.046,8.304
FR03070,43.438,6.768
ES1882A,38.115,-1.869
FR15018,45.36,5.589
DEMV003,53.56,13.266
CZ0KKVA,50.236,12.885
IT1847A,45.035,6.836
IT2241A,44.031,10.133
ES1896A,41.321,1.664
FR27007,45.608,5.271
AT2VI12,46.612,13.841
FR29441,45.448,4.389
IT2275A,38.174,15.547
IT1818A,40.828,16.56
NL00738,52.112,5.709
SE155528,59.654,12.596
SE0095A,62.389,17.309
AT30701,48.529,15.943
CH0050A,46.231,6.074
ES0041A,43.261,-2.945
DESN019,50.826,12.542
SE155527,59.315,18.076
ES1612A,40.447,-3.868
AT80710,47.432,9.65
FR31043,43.47,-1.554
FR04023,49.046,2.043
CH0021A,47.371,8.524
FR33102,45.597,5.919
DESL013,49.323,6.754
FR82070,47.351,6.36
FR21016,49.175,-0.354
FI00568,60.402,25.098
CH0046A,46.196,6.211
PL0680A,50.359,20.886
SE0085A,56.047,12.692
SK0004A,48.145,17.114
FR15048,45.28,5.882
DESN091,50.72,12.487
CH0055A,46.208,6.141
SE0103A,58.592,16.198
ES1595A,43.298,-2.93
AT72106,47.271,11.417
DENW245,50.765,6.233
DEST066,51.871,12.664
FR24009,43.558,7.006
AT72227,47.278,11.512
CZ0LJNM,50.727,15.162
IT2184A,43.338,11.325
FR33120,45.922,6.87
NL00550,52.371,4.642
IT0854A,44.418,8.927
AT30201,47.959,16.206
CH0044A,47.439,8.57
FR10032,50.694,1.577
DEBY111,49.944,11.57
CH0058A,47.395,8.526
FR34018,47.998,2.72
IT1610A,40.423,17.225
DEST091,51.841,12.245
CH0017A,47.566,7.582
IT1457A,44.102,9.819
DEBY093,49.488,11.786
NL00565,52.327,4.715
GB1061A,51.455,-0.94
IT1899A,37.516,15.011
PT01031,41.252,-8.661
FR31006,44.841,-0.65
DENI029,53.362,7.207
DEMV024,53.396,12.464
DEHH033,53.638,9.998
DESN006,51.125,12.493
SE0091A,64.751,20.961
FR15045,45.058,5.677
FR09106,45.651,0.162
NL00442,51.801,4.708
DEBY188,49.323,11.028
DESN004,51.176,14.444
DESN051,51.12,13.675
NL00934,53.332,6.278
DENW058,50.876,6.874
LU0109A,49.612,6.118
DEBY006,48.365,10.895
FR14033,48.295,4.05
FR08713,42.684,2.903
DEHE030,50.804,8.769
DESN075,50.486,12.138
NL00722,52.092,6.606
DEST029,51.804,11.739
NL00641,52.203,4.989
DEHH072,53.536,9.844
CZ0CPRA,49.016,14.0
GB1059A,52.969,-1.189
ES1765A,39.685,-0.279
NL00564,52.287,4.767
PT01025,41.232,-8.713
SE0050A,59.336,18.071
DENI052,52.829,9.623
ES1044A,41.67,-0.871
FR06007,50.279,3.977
FR28033,50.49,2.666
IT0507A,46.715,11.654
DEBW038,47.66,9.486
CH0028A,46.522,6.64
DEBE032,52.473,13.225
FR35004,45.159,1.537
AT80706,47.41,9.654
DENI157,52.428,10.794
DEBW059,49.635,9.658
FR21040,49.116,-1.085
AT60114,47.192,14.753
FR25049,49.305,1.214
SK0406A,48.935,22.274
DEBW027,48.489,9.207
FR12004,43.576,1.419
FR01014,48.915,6.058
DEHE032,50.97,9.8
PT03102,39.278,-9.246
ES1498A,43.131,-2.078
PT03091,38.697,-9.323
NL00235,51.435,4.36
FR12021,43.624,1.439
GB1052A,52.98,-2.112
DEBW024,48.899,9.173
FR30021,48.622,6.195
DESH056,54.617,9.364
FR33121,45.675,6.39
DESN079,51.285,14.75
ES1502A,42.855,-2.681
DEST105,52.602,11.85
FR12042,43.097,-0.039
DENW078,51.304,6.82
DEBB075,52.484,13.124
FR12044,43.634,1.376
DEHE044,50.383,8.061
FR09016,45.609,0.1
FR34028,47.395,0.705
NO0085A,69.68,18.954
FR16060,47.595,7.568
SE159229,61.01,14.552
FR12040,43.557,1.406
DEHE134,50.546,9.68
DEBY032,50.103,11.443
DEBW039,48.049,8.464
DEBW010,49.301,8.7
PT02016,40.207,-8.411
FR19061,48.514,-2.75
AT55018,47.154,13.505
IT0865A,41.595,12.654
ES2017A,40.553,0.53
AT60141,47.359,15.104
IE0131A,53.386,-6.37
DENW095,51.937,7.612
DEBB065,52.194,12.561
IT1766A,39.714,16.194
FR33202,45.917,6.136
NL00633,52.139,4.838
IT1989A,38.106,15.645
LT00012,55.725,24.366
DEBE056,52.448,13.647
FR21021,49.147,0.227
CH0024A,46.139,7.148
FR16057,47.757,7.347
FR12026,43.928,2.146
FR19052,47.996,-4.1
FR29439,45.482,4.43
FR33305,46.212,5.226
SE135019,56.177,14.857
FR12039,43.562,1.393
NO0113A,68.435,17.425
FR23152,46.661,-1.437
DEHE043,49.825,8.517
IT1886A,44.11,9.816
FR34025,47.419,0.683
FR06133,50.092,3.85
CH0054A,46.963,7.463
PL0685A,49.354,20.894
NO0116A,62.471,6.154
SE0113A,57.721,12.945
FR01015,48.885,6.051
PT01034,41.218,-8.632
DENW080,51.184,7.053
FR23078,47.054,-0.886
AT51066,47.806,13.043
DEBY068,50.048,10.232
FR03069,43.12,6.131
DETH095,51.208,10.451
IT0948A,43.765,11.249
IT2158A,43.908,12.402
SE0056A,55.877,12.834
AT81919,47.239,9.598
FR09008,46.135,-1.117
FR03067,43.399,6.076
CZ0KCHM,50.066,12.363
AT80807,47.41,9.743
NL00437,51.787,4.451
PL0690A,52.652,19.052
FR21060,49.117,-0.17
DEBW009,49.42,8.677
FR25045,49.916,0.957
DEBW046,48.09,9.8
FR23123,48.069,-0.768
IT1997A,38.191,15.249
AT60145,47.446,15.29
IT0852A,44.426,8.826
DEBW076,48.773,8.22
AT60036,47.067,15.494
DETH018,51.497,10.791
DENI011,52.227,10.474
DENI059,53.83,8.801
FR32006,46.316,4.84
FR04158,49.063,1.866
DEBW112,48.646,8.904
DEBW073,47.819,7.568
IT1585A,40.628,15.796
IT1898A,38.012,12.547
PT01041,41.55,-8.406
DEST044,51.897,11.057
CZ0UVAL,50.975,14.513
ES1913A,38.452,-1.065
DERP043,50.275,7.652
DENW006,51.592,7.57
SE36245,60.672,17.147
AT72821,47.349,11.692
CH0060A,47.508,8.72
NL00929,52.877,6.933
FR26035,47.137,4.951
FR07009,45.772,3.088
FR01019,49.369,6.161
FR34046,48.73,1.358
FR30029,48.194,5.937
FR33232,45.907,6.846
IT1601A,41.665,15.945
ES1442A,43.064,-2.49
FR82060,47.62,6.158
DENW042,51.338,6.64
GB0996A,54.354,-6.655
DESN017,50.916,13.347
AT72315,47.217,10.736
FI00465,63.095,21.618
DENW079,51.029,7.005
FR07039,45.775,3.063
FR07054,45.039,3.887
NO0114A,59.918,10.584
FR25039,49.021,1.148
NO0072A,59.92,10.69
DENW029,51.403,7.209
DERP060,49.192,7.615
NL00446,52.04,4.361
FR12053,43.611,2.23
FR21037,49.647,-1.593
FR19014,48.397,-4.489
NL00818,52.655,6.018
DETH041,50.934,11.597
DETH093,50.983,11.32
FR34030,47.075,2.407
IT1795A,43.285,13.429
HR0015A,45.291,13.75
NL00617,52.423,5.593
DENW053,51.019,6.885
GB1068A,53.452,-2.742
NL00549,52.257,5.236
FR01005,49.325,6.076
CH0057A,47.427,9.374
FR07057,46.562,3.341
LU0106A,49.659,6.13
FR26016,48.2,3.277
GB1040A,53.559,-2.294
FR21019,49.152,-0.353
FR07045,45.545,3.248
AT4S245,47.974,13.615
CH0051A,46.163,6.005
IT0508A,46.797,11.944
DETH005,50.651,11.369
CZ0ESVR,49.735,16.034
FR26014,47.326,5.041
FR38024,-21.213,55.303
CH0022A,47.068,8.301
AT82708,47.156,9.823
FR38023,-21.332,55.479
FR21031,48.446,0.111
FR07051,45.769,3.155
AT32604,48.045,14.772
IT2039A,44.352,9.223
DENI063,53.524,9.685
GB1067A,52.476,-1.875
FR41004,42.536,9.476
AT60194,47.605,15.673
ES1604A,39.563,2.621
DETH011,50.988,12.438
NO0118A,59.134,9.622
FR31032,44.192,0.624
FR31014,43.308,-0.323
DENI028,51.508,10.239
NO0110A,59.274,11.089
FI00455,60.967,25.655
FR29423,46.041,4.075
DENW094,50.755,6.094
FR23107,47.253,-1.573
ES1747A,42.827,-1.649
ES1501A,43.18,-2.268
FR30020,48.776,5.163
IT0063A,42.939,10.534
IT1790A,46.162,12.361
IT2154A,42.932,10.524
IT2249A,42.16,11.743
FR01009,49.271,6.132
AT72530,47.489,12.067
ES1544A,42.849,-2.477
SE0090A,57.776,14.159
FR09015,46.587,0.359
IT2155A,44.397,8.206
GB0687A,50.372,-4.142
FR32005,46.679,4.367
SE0059A,63.829,20.258
DESN104,50.855,12.959
NL00556,52.564,4.862
NO0112A,59.433,10.662
FR30038,48.549,5.461
DEST106,51.456,11.091
IT2281A,37.299,13.6
FR34051,46.798,1.693
DETH117,50.993,11.057
DETH013,50.978,10.317
FR34032,47.083,2.405
SE155530,59.61,16.55
DENI062,53.247,10.456
LT00042,55.072,24.284
AT72822,47.35,11.695
FR31033,45.19,0.727
FR21035,49.636,-1.627
IT1963A,45.43,7.245
FR35005,46.17,1.87
ES1828A,40.009,3.856
DETH072,50.612,10.693
AT72223,47.24,11.391
FI00839,62.882,27.662
SE32082,56.879,14.786
TR570313,42.074,34.996
FR07058,46.341,2.594
IT1583A,40.649,15.795
FR82030,47.295,6.826
FR34061,47.594,1.303
SE37479,59.489,17.92
DESN093,50.608,12.211
DEHE024,51.292,9.775
FI00926,61.87,28.882
ES1909A,40.881,0.799
FI00397,63.679,22.718
AT60118,47.178,14.677
FR26010,47.346,5.002
SE34399,59.41,17.958
FI00378,61.072,28.264
PL0703A,52.652,19.052
ES1672A,42.518,-2.619
IE0098A,53.342,-6.289
LV0010R,56.162,21.173
PT01043,41.208,-8.338
FR34029,47.838,1.945
DENI077,51.709,9.555
NO0115A,59.057,9.696
FR22022,49.118,7.084
IE0132A,53.286,-6.132
IE0136A,53.28,-6.359
FR38021,-21.032,55.233
IT1894A,42.992,13.785
AT55032,47.126,13.808
NL00918,52.917,5.573
FI00283,61.041,28.176
IE0036A,53.333,-6.367
IT2074A,44.735,9.367
IT2161A,41.779,14.104
GB1046A,53.244,-1.455
FI00602,64.224,27.733
CH0003R,47.48,8.905
DEHE050,51.361,9.271
SE36241,59.424,17.929
FI00438,60.513,26.946
FR09302,46.143,-0.396
AT2SP10,46.935,13.196
SE155532,60.134,13.007
ES1825A,38.993,1.309
FI00549,61.499,23.736
IT2027A,43.928,12.225
ES1599A,43.251,-2.155
FI00928,61.482,21.813
ES1972A,38.132,-4.802
FR32002,46.821,4.835
FR35010,45.833,1.217
CZ0CHVO,48.724,14.723
PT01042,41.569,-8.457
ES1491A,43.406,-2.704
DENI016,51.902,10.481
FR26017,46.997,3.171
AT72552,47.582,12.172
DENW064,50.653,6.281
SE38350,55.703,13.18
IT2182A,46.51,13.475
NO0105A,59.21,10.94
FI00464,62.243,25.743
SE36364,59.268,15.215
CZ0HPLO,50.35,16.323
DEHE028,49.653,8.817
FR38014,-21.313,55.474
DETH026,50.562,10.375
CZ0LSOU,50.79,15.32
IE0118A,53.851,-9.3
IT1681A,43.66,11.902
FR07052,44.92,2.441
NO0063A,58.149,7.992
FI00434,61.117,28.498
FR14008,49.908,4.63
MK0042A,41.536,20.699
CH0053R,47.19,8.175
DENW065,50.93,8.192
FR35007,45.87,1.31
FR35006,45.26,1.76
FR07028,45.929,2.83
AT72710,47.448,10.744
CZ0URVH,50.58,13.42
FI00186,60.452,22.268
CZ0LJIZ,50.82,15.344
IT1149A,43.248,10.882
ES2070A,40.947,-0.291
GB1062A,55.944,-4.734
FI00404,63.838,23.132
CH0019A,47.407,9.394
NO0111A,59.955,11.074
IT1672A,44.3,10.43
SE0014A,57.759,16.639
DETH040,50.619,10.787
FI00558,62.893,27.688
NO0070A,62.472,6.157
FI00892,60.87,26.701
FR07031,45.105,3.277
SE157994,60.673,17.141
NO0109A,60.361,5.237
IE0095A,53.353,-6.367
FR38001,-20.89,55.469
FI00511,62.599,29.763
DEHE052,50.222,8.446
FI00424,61.189,28.77
TR342213,41.063,29.064
SE36365,57.782,14.174
DESN049,50.431,12.611
FI00433,61.153,28.81
TR730141,37.52,42.46
HR0020A,42.645,18.123
FR07056,44.984,4.226
DEBY122,47.518,10.404
CH0004R,47.05,6.979
SE0066A,59.832,18.631
SE0012R,58.806,17.388
FI00301,65.043,25.498
IT1961A,46.315,8.256
FI00431,62.29,25.709
FI00570,64.683,24.482
GB0006R,54.44,-7.9
NO0108A,60.463,5.332
SE155533,67.168,20.692
DEUB044,47.414,10.981
IS0039A,64.043,-22.6
BA0048A,44.59,16.44
PL0311A,53.966,18.528
RS0029A,45.245,19.841
GR0003A,37.988,23.728
GR0020A,40.674,22.893
RS0032A,44.821,20.459
GR0018A,40.634,22.945
ES1718A,38.174,-3.01
GR0028A,38.021,23.688
CZ0TORV,49.876,18.434
CZ0THAT,49.94,18.277
CZ0TOCB,49.84,18.29
PL0059A,50.842,16.487
BG0074A,43.203,27.904
PL0221A,50.667,17.923
GR0010A,39.667,22.453
MT00003,35.882,14.512
AL0205A,41.32,19.449
GR0022A,38.031,23.787
PL0656A,52.756,18.254
PL0632A,51.407,16.188
PT03100,38.748,-9.202
PL0651A,52.74,23.586
GR0031A,37.932,23.713
PL0531A,53.361,20.422
ES2062A,43.324,-8.502
PL0596A,50.808,20.271
IT0663A,45.714,11.369
PL0633A,50.416,16.513
FR39018,14.755,-61.179
AL0204A,40.403,19.486
IT1859A,46.104,11.11
FR04118,48.87,2.332
PL0166A,54.353,18.673
ES1630A,37.341,-6.042
FR02031,43.416,5.217
DEBW219,48.945,9.437
PL0051A,54.086,18.788
PL0296A,53.866,21.296
CZ0TCEL,49.559,18.348
DEBW223,48.69,9.167
FR10007,51.034,2.335
DENW359,51.097,6.416
ES2033A,41.242,1.859
DEBW222,48.637,9.798
IT1476A,45.63,13.781
FR28131,50.437,2.827
BETR841,51.003,4.469
IT0753A,45.891,10.844
FR28023,50.497,2.867
DEBW221,47.669,9.181
ES0823A,37.186,-6.964
CZ0SPRI,49.685,14.008
FR06023,50.42,3.552
FR27004,45.526,4.875
FR41003,41.964,8.82
NL00545,52.339,4.841
GR0039A,37.995,23.819
GR0037A,38.144,23.758
PT03104,38.701,-9.429
FR82002,47.235,6.029
IE001DM,52.498,-6.571
GB0051A,36.113,-5.35
CH0029A,47.567,7.595
AT2SV24,46.771,14.366
PL0634A,50.823,15.528
HU0002R,46.967,19.55
NL00246,51.653,4.514
FR11022,50.687,2.88
GB1042A,53.759,-0.306
FR02005,43.405,5.052
NL00631,52.449,5.619
ES1390A,41.53,2.422
NO0069A,62.471,6.157
FR82040,47.097,5.496
FI00562,60.394,25.661
DESH033,54.31,10.117
FR36025,45.243,4.726
FR07010,46.344,2.598
DESN011,50.832,12.917
RS0005R,43.404,21.948
SE0078A,62.39,17.314
DEHE058,50.549,9.682
IE001AP,53.336,-6.309
IT1679A,40.538,17.424
IE0125A,53.282,-9.049
SE155525,60.608,15.634
FR38022,-20.999,55.281
PT01051,41.309,-8.721
IT1801A,41.998,14.993
FI00588,61.483,21.8
FR07049,46.562,3.331
IT1191A,46.083,10.958
SE0014R,57.394,11.914
SE0105A,56.2,12.568
SE38367,57.988,15.635
PT04001,37.954,-8.838
SE36199,56.835,13.942
PT02021,40.641,-8.101
FR12020,43.63,0.18
SE0011R,56.028,13.15
SE37819,58.544,15.055
IT1863A,41.759,14.209
SE0098A,67.856,20.23
FR29440,45.39,4.616
SE0005R,63.849,15.336
